,sig,sig,sig,sig,sig,sig,sig,sig,sig,sig,sig,sig,sig,sig,sig,sig,sig,sig,sig,sig,sig,sig,sig,sig,sig,sig,sig,sig,sig,sig,sig,sig,sig,sig,sig,sig,sig,sig,sig,sig,sig,sig,sig,sig,sig,sig,sig,sig,sig,sig,sig,sig,sig,sig,sig,sig,sig,sig,sig,sig,sig,sig,sig,sig,sig,sig,sig,sig,sig,sig,sig,sig,sig,sig,sig,sig,sig,sig,sig,sig,sig,sig,sig,sig,sig,sig,sig,sig,sig,sig,sig,sig,sig,sig,sig,sig,sig,sig,sig,sig,sig,sig,sig,sig,sig,sig,sig,sig,sig,sig,sig,sig,sig,sig,sig,sig,sig,sig,sig,sig,sig,sig,sig,sig,sig,sig,sig,sig,sig,sig,sig,sig,sig,sig,sig,sig,sig,sig,sig,sig,sig,sig,sig,sig,sig,sig,sig,sig,sig,sig,sig,sig,sig,sig,sig,sig,sig,sig,sig,sig,sig,sig,sig,sig,sig,sig,sig,sig,sig,sig,sig,sig,sig,sig,sig,sig,sig,sig,sig,sig,sig,sig,sig,sig,sig,sig,sig,sig,sig,sig,sig,sig,sig,sig,sig,sig,sig,sig,sig,sig,sig,sig,sig,sig,sig,sig,sig,sig,sig,sig,sig,sig,sig,sig,sig,sig,sig,sig,sig,sig,sig,sig,sig,sig,sig,sig,sig,sig,sig,sig,sig,sig,sig,sig,sig,sig,sig,sig,sig,sig,sig,sig,sig,sig,sig,sig,sig,sig,sig,sig,sig,sig,sig,sig,sig,sig,sig,sig,sig,sig,sig,sig,sig,sig,sig,sig,sig,sig,sig,sig,sig,sig,sig,sig,sig,sig,sig,sig,sig,sig,sig,sig,sig,sig,sig,sig,sig,sig,sig,sig,sig,sig,sig,sig,sig,sig,sig,sig,sig,sig,sig,sig,sig,sig,sig,sig,sig,sig,sig,sig,sig,sig,sig,sig
ticker,000001,000002,000063,000066,000069,000100,000157,000166,000333,000338,000413,000415,000423,000425,000538,000568,000596,000625,000627,000629,000630,000651,000656,000661,000671,000703,000709,000723,000725,000728,000768,000776,000783,000786,000858,000876,000895,000898,000938,000961,000963,001979,002001,002007,002008,002010,002024,002027,002032,002044,002050,002081,002120,002142,002146,002153,002179,002202,002230,002236,002241,002252,002271,002294,002304,002311,002352,002371,002384,002410,002411,002415,002422,002456,002460,002463,002466,002468,002475,002493,002508,002555,002558,002594,002601,002602,002607,002624,002673,002714,002736,002739,002773,002812,002821,002841,002916,002938,002939,002945,002958,003816,300003,300014,300015,300017,300024,300033,300059,300070,300122,300124,300136,300142,300144,300347,300408,300413,300433,300498,300529,300628,300676,600000,600004,600009,600010,600011,600016,600018,600019,600023,600025,600027,600028,600029,600030,600031,600036,600038,600048,600050,600061,600066,600068,600085,600089,600100,600104,600109,600111,600115,600118,600153,600170,600176,600177,600183,600188,600196,600208,600219,600221,600233,600271,600276,600297,600299,600309,600332,600340,600346,600352,600362,600369,600372,600383,600390,600398,600406,600436,600438,600482,600487,600489,600498,600516,600519,600522,600535,600547,600566,600570,600583,600585,600588,600606,600637,600655,600660,600663,600674,600690,600703,600705,600733,600741,600760,600763,600795,600809,600816,600837,600848,600867,600886,600887,600893,600900,600918,600919,600926,600958,600977,600989,600998,600999,601006,601009,601012,601018,601021,601066,601088,601100,601108,601111,601117,601155,601162,601166,601169,601186,601198,601211,601212,601216,601225,601229,601236,601238,601288,601298,601318,601328,601336,601360,601377,601390,601398,601555,601577,601600,601601,601607,601618,601628,601633,601658,601668,601669,601688,601696,601698,601727,601766,601788,601800,601808,601816,601818,601828,601838,601857,601877,601878,601881,601888,601898,601899,601901,601916,601919,601933,601939,601985,601988,601989,601992,601997,601998,603019,603087,603156,603160,603259,603260,603288,603501,603799,603833,603899,603986,603993
tradeDate,,,,,,,,,,,,,,,,,,,,,,,,,,,,,,,,,,,,,,,,,,,,,,,,,,,,,,,,,,,,,,,,,,,,,,,,,,,,,,,,,,,,,,,,,,,,,,,,,,,,,,,,,,,,,,,,,,,,,,,,,,,,,,,,,,,,,,,,,,,,,,,,,,,,,,,,,,,,,,,,,,,,,,,,,,,,,,,,,,,,,,,,,,,,,,,,,,,,,,,,,,,,,,,,,,,,,,,,,,,,,,,,,,,,,,,,,,,,,,,,,,,,,,,,,,,,,,,,,,,,,,,,,,,,,,,,,,,,,,,,,,,,,,,,,,,,,,,,,,,,,,,,,,,,,,,,,,
2010-08-31,,,,,,,-1.0,,,,-1.0,,,,,,,,,,,1.0,,,,,,1.0,,,,1.0,,,-1.0,,,,,,,,,,,,,,,,,,,,1.0,,,,-1.0,,,,,,1.0,,,,,,,,,,,,,,,,,,,,,,,,,,,,,,,,,,,,,,,,,,,,,,,,,,,,,,,,,,,,,,1.0,,,,,,,,,,,,,,,-1.0,,,,,,,,-1.0,-1.0,,,,1.0,,,,,,1.0,,,,,,,,,,,,,,,,-1.0,,,,,,,,,,,,,,,,,,-1.0,,,,,,,,,,,,,,,,,,,1.0,,,,,,,,,,,,,,,,,,,,,,,,,,,,,,,,,,,,,,,,,,,,,,,,,,,,,1.0,,,,,,,,,,,,,,,,,,,,,,,-1.0,,,,,,,,,,,,,,,,,,,,,,,,
2010-09-30,,,,,,,,,,-1.0,1.0,,,,1.0,,,,,,,,,,,,,,-1.0,,,,,,,,,,,,,,,-1.0,,1.0,,,,1.0,,,,,,,,,1.0,,,,,,,,,,,,,,,,,,,,,,,,,,,,,,,,,,,,,,,,,,,,,,,,,,,,,,,,,,,,,,,,,,,,,,,,,,,,,,,,,,,,,,,,,,,,-1.0,,,,,,,,,,,,,,,,,,-1.0,,,,,,,,,1.0,,,1.0,,-1.0,,,,,-1.0,,,1.0,,,,,,,,-1.0,,,-1.0,,,,,,,,,,1.0,,,,,,,,,,,,,,,,,,,,,,,,,,,,,,,,,,,,,,,,,,,,,,,,,,,,,,,,,,-1.0,,,,,,,,,,,,,,1.0,,,,,,,,,,,,,,,,,,,,,,,,,,,,,,
2010-10-29,,,1.0,,,,,,,,,,,,,,,,,,,,,,,,,,,,,,,,-1.0,,,,,,1.0,,,,,,,,,,,,,,,,,,,,,,,1.0,,,,,,,,,,,,,,,,,,,,,,,,,,,,,,,,,,,,,,,,,,,,,,,,,,,,,,,,,,,,,,,-1.0,,,,,,,,,-1.0,,,,,,,,,,,,,,,,,,,,,,,,,,,-1.0,,,,-1.0,,1.0,,,,,,,-1.0,,,,1.0,,,,,,,1.0,1.0,,,,,,,,,,,,,1.0,-1.0,,,-1.0,,,,,,,,-1.0,1.0,,,,,,,,,,,,,1.0,,,,,,,,,,,,,,,,,,,,,,,,,,,,,,,,,,,,,,,,,,,,,,,,,,,,,,,,,,,,,,,-1.0,,,,,,,,,,,,,,,,,,,,,,,,
2010-11-30,,,,,,,,,,,1.0,,,,,,,,,,,,,,1.0,,,1.0,-1.0,,,,,,,,,,,,1.0,,,,,,,-1.0,,,,1.0,,,,,,,1.0,,,,,,1.0,,,,,,,,,,,,,,,,,,,,,,,,,,,,,,,,,,,,,,,,,,,,,,,,,,,,,,,,,,,,,,,,,,,,,,,,,,,,,,,,-1.0,,,,,,,,,,,,,,,,,,,,,,,,,-1.0,,,-1.0,,,,,,-1.0,,,,,,,,,-1.0,,,,,,,,,,,,,,,,,,-1.0,,,,,1.0,,,,,,,,,,,,,,,,,,1.0,,,,,,,,,,,,,,1.0,,,,,,,,,,,,,,,,,-1.0,,,,,,,,,,,,,,,,,,,,,,,,-1.0,,,,,,,,,,,,,,,,,,,,,,,,,,,,,,
2010-12-30,,-1.0,,,,,,,,,,,,,,,,,,,,,,,1.0,,,1.0,,,,1.0,,,,,,,,,,,,,,,,,,,,,,,,,,,,1.0,,,1.0,,,,,,,,,,,,,,,,,,,,,,,,,,,,,,,,,,,,,,,,,,,,-1.0,,,,,,,,,,,,,,,,,,,,,,,,,,,,,,,,,,,,,,,,,,,,1.0,,,,,,,,,,,,,,,,,,,,,,,,1.0,1.0,-1.0,,-1.0,,,,,,,,,,,,,,,-1.0,,,1.0,,,,,,,,,,,,,-1.0,,,,1.0,,,,,,,,,,,,,,,,,,,,,,,,,,,,,,,,,,,,,,,,,,,,,,-1.0,,,,,,,,,,,,,,,,-1.0,,,,,,,,,,,,,,-1.0,,,,,,,,-1.0,,,,,,,,,,,,,,,,
2011-01-31,,,,,,-1.0,,,,,,,,,,,,,,,,,,,,,,,,,,1.0,,1.0,,,,,,,,,,,,,,,1.0,,,,,,,1.0,,1.0,,1.0,,1.0,,,,,,,,,,,,,,,,,,,,,,,,,,,,,,,,,,,,,,,,,,,,,,,,,,,,,,,,,,,,,,,,,,,,,,,,,-1.0,,,,,,,-1.0,,,-1.0,,,,,,,,,,,,,,,,1.0,,,,,,,,,,,,,,-1.0,,,,,,,,1.0,,,,,,,,,,,,,,,,,,,,,,,,,,,,1.0,,,,,,,,,,,,,,,,,,,,-1.0,,,,,,,-1.0,,,,,,,,,,,,,,,,,,,,,,,,,,,,,,,,,,,,,-1.0,-1.0,,,,,,,,,,,,,,,,,,,,,,-1.0,,,,,,,,,,,,,,,,
2011-02-28,,,-1.0,,,,,,,-1.0,,,1.0,,1.0,,,,-1.0,,,,,,,,,,,,,,-1.0,,,,,,,,1.0,,,,,,,,,,,,,,,,,,,,,,,,-1.0,,,,,,,,,,,,,,,,,,,,,,,,,,,,,,,,,,,,,,,,,,,,,,,,,,,,,,,,,,,1.0,,,,,,,,,,,,,-1.0,-1.0,,,,,,,,,,,,,,,,,,,,,,,,,,,,,,,,,,,,,,,,,,,,,,,,,-1.0,,,,,,,,,,,,,,,,,,,,,,,,,,,,,,,,,,,,,,,,,1.0,,,,,,,,,,-1.0,,,,,1.0,,,,,,,,,1.0,,,1.0,,,-1.0,,,,,,,,,,,,,,,,,,,,,,,,,,,,,,,,,,,,,1.0,,1.0,,,,,,,,,,,,,,,,,
2011-03-31,,,,,,,,,,,,,,,,,,,,,,,,,,,,,,,,,,,,1.0,,,,,,,-1.0,,,,,-1.0,1.0,,,,,,,,,,-1.0,,,,,,,,,,,,,,,,,,,,,,,,,,,,,,,,,,,,,,,,,,,,,,,,,,,,,,,,,,,,,,,,,,,,-1.0,,-1.0,,,,,-1.0,,,,-1.0,,,,,,,1.0,-1.0,,,,,,,,-1.0,,,,,,1.0,,,,,,,,,,,,,1.0,,,,,,,,,,,,,,,,,,,,,,,,,,,,,,,,,,,,,,,,,,1.0,,,,,,,,,,,,1.0,,,,,,,,,,,,,,,,,,,,,,,,,-1.0,,,,,,,,,,,,,,,,,,,,,,,,1.0,,,1.0,,,,,,,,,,,1.0,,,,,,,,,,,,,,,,,,,,,,,,
2011-04-29,,,,,,,,,,,,,-1.0,,,,,,,,,,-1.0,,,,,-1.0,,,1.0,1.0,,,,,,,,,,,,1.0,,,,,,,,,,,,,,,,-1.0,,,,,,,,,,,,,,,,,,,-1.0,,,,,,,,,,,,,,,,,,,,,,,,,,,,,,,1.0,,,1.0,1.0,,,,,,,,,,,,,,,,,,,,,,,,,,,,,,,,,,,,,-1.0,,,,,,,,-1.0,,,,-1.0,,,,,,,,,,,,,,,,,,,,,,,,,,,,,,,1.0,,,,,,,1.0,,,,,1.0,,,,,,-1.0,,,,,,,,,,,,,,,,,,,,,,,,,,,,,,,,,,,,,,,,,,,,,,,,,,,,,,-1.0,,,,,,,,,,,,,,,,,,,,,,,,,,,,1.0,,,,,,,,,,,,,,,,,,,,
2011-05-31,,,,,,,1.0,,,,,,,,,,,,,,,,,,,,,,,,,,,,,,,,,,,,1.0,,,,,,,,,-1.0,,,,,,,,,,,-1.0,,,,,,,,,,-1.0,,,,,,-1.0,,,,,,,,,,,,,,,,,,,,,,,,1.0,,,,,,,-1.0,,,,,,,,,,,,,,,,-1.0,,,,,1.0,,,,,,,1.0,,,,,,,,,,,,,-1.0,,,,,,,,,,,,,,,,,,,,,,,,,,,,,,,,,,,,,,,,,,,,,,,,,,,,1.0,,,-1.0,1.0,,,,,,,,1.0,,,,,,,,,,,,,,,,,,,,,,,,,,,,,,,,,,,,,,,-1.0,,,,,,,,,,,,1.0,,,,,,,,,,,,,,,,,,,,,,,,1.0,,,,-1.0,,,,,,,,,,,,,,,,,,,,
2011-06-30,,,,,,,,,,,,1.0,,,,,,1.0,,,,,,,,,,,,,,-1.0,,,,,,1.0,,,,,,,,,,,,,,,,,,,,,-1.0,,,,,,,-1.0,,,,,,,-1.0,,,,,,,,,,,,,,,,,,,,,,,,,,,,,,,,,,,,,,,,,,,,,,,,,,,,,,-1.0,,,,,,,,,,,,,,,1.0,,,-1.0,,,,,,,,,,,,,,,1.0,,,,,,,,,,,-1.0,-1.0,,,,,,,,,,1.0,,,,,,,,,,,,,,,1.0,1.0,,,,,,,,,,,,,,,,,,,,-1.0,,,,,,,,,,,,,,,,,,,,,,,,,,,,,,,,,,,,,,,,-1.0,1.0,,,,,,,,,,,,,,,,,,,,,,,,,,,,,,,1.0,,,,,,,,,,,,,,,,,,,,,,,,
2011-07-29,,,,,,,,,,,,,,,,,,,,,,,-1.0,,,,1.0,,,,,,,,,,,,,,,,1.0,,,,,,,,-1.0,-1.0,,,,,,,,,,,,,,,,,,,,,-1.0,,,,-1.0,,,,,,,,,,,,,,,,,,,,,,,,,,,,,,,,,-1.0,,-1.0,,,,,,,,,,,,,,,,,,,,,,,,,,,,,,1.0,,,,-1.0,,,,,,,,1.0,,,,,1.0,1.0,,,,,,,1.0,,,,,,,,,,,,,,,,-1.0,,,,,,,,,,,,,,,,,,,,,,,,,,,,,,,,,,,,,,,,,,,,,,,,,,,,,,-1.0,,,,,,,,,,,,,,,,,,,,,,,,,,,,1.0,,,,,,,,,,,1.0,,,,,,,,,,,,,,,,,,,,,,1.0,,,,,,,,,,,,,,,,
2011-08-31,,,,,,,,,,,,,,,,,,,,,,,,,1.0,,,,-1.0,,,,,,,1.0,,,,,,,,,,,,1.0,,,,,,,,,,,,,,,,,,,,,,,,,,,,,-1.0,,,,-1.0,,,,,,,,,,,,,,,,,,,,,,,,,,,,,-1.0,,,,,,,,,,,,,,,1.0,,,,,,,,,,-1.0,,,,,,,-1.0,,,,,,,,,,-1.0,,,,,,,,1.0,,,,,,,,1.0,,,,,,,1.0,,,,,,,,,,,,,,,,,,,-1.0,,,,,,,,,,,,,,,,,,,,,,,,,,,,,,,,,,,,,,,,,,,,,,,,,,,,,,,,,,,,,,,,-1.0,,1.0,,,,,,,,,,,,,,,,,,,,,,,,,,,,-1.0,,,,,,,1.0,,1.0,,,,,,,,,,,,,,,,,
2011-09-30,,,,,,,,,,,,,,,,,,,-1.0,,,,,,,,,,,,,-1.0,,,,,,,,,,,,,,,,,,,,,,,,,,,,,,,,,,,,,,,,,,-1.0,,,-1.0,,,,,,,,,,,,,,,,,,,,,,,,,,,,,,,,,,,,,,,,,,,,,,,,,,,,1.0,,,,,,,,,,,,,,,,,,,,,,,,,,,,,,,,,,,,,1.0,,,,,,,,,,,,,,,,,,,,,,,,,,,,-1.0,,1.0,,,,,-1.0,,,,,,,,,,,,,,,,,,1.0,,,,,,,,,1.0,,,,,,,,,,,,,,,,,,,,,,,,,,,,,,-1.0,,1.0,,,,,,,,,,1.0,,,,,,,-1.0,,-1.0,,,,,,,,,,,1.0,,,-1.0,,,,1.0,,,,1.0,,,,,,,,,,,,,
2011-10-31,,,,,,,,,,,1.0,,,,,,1.0,,-1.0,,,,,,,,,,,,,,,,,,-1.0,,,,,,,-1.0,-1.0,,,,,,,1.0,,,,,,-1.0,,,,,,,,,,,,,,,1.0,,,,-1.0,,,,,,,,,,,,,,,,,,,,,,,,,,,,,,,,,,,1.0,,,,,,,,,,,,,,,,,,,,,,,,,,,,,,,,,,,,,,,,,,,,,,,,,,,,,,,,,,,,,,,,,,,,1.0,,,,,,,-1.0,,,,,,,,,,,,,,,,,-1.0,1.0,1.0,,,,,,,,,,,,,,,,,,,,-1.0,,,,,,,,,,,,,,,,,,,,,,,,,,,,,,,,,,1.0,,,,,,,,,,,,,,,,,,,,,,,,,,,,,,,,,-1.0,,,,1.0,,,,,,,,,,,,,,,,,
2011-11-30,,,-1.0,,,,,,,,,,,,,,1.0,,,,,,,,,,,,,,,,,,,,,,,,,,,,,,,,,1.0,,,,,,,,,,,,,,,,,,,,,,,,-1.0,,,,,,,,,,,,,,,,,,,,,,,,,,,,,,,,,,,,-1.0,,,,,,,,,,,,,,,,,,,,,1.0,,,,1.0,,,,,,,,,,,,,,,,,,,,,-1.0,,,-1.0,,,,,,,,,,,,,-1.0,,,,,,,,,-1.0,,,,,,,,,,,,,,,,,,,,,,,,,,,-1.0,,,,-1.0,,,,,,,,,,,,,,,,,,,,,,,,,,,,,,,,,,,,,,,,,,,1.0,,,-1.0,,1.0,,,,,,,,,,,,,,,,,,,,,,,,1.0,,,,,,1.0,,,,,1.0,,1.0,,,,,,,,,,,,,,,,,
2011-12-29,,,,,,,,,,,,-1.0,,,,,1.0,,,,-1.0,,1.0,,,,1.0,,,,,-1.0,,,,-1.0,,,,,,,,,,,,,,1.0,,,,,,,,,,,,,,,,,,,,1.0,,,,,,,,,,,,,,,,,,,,,,,,,,,,,,,,,,,,-1.0,,,,,,,1.0,,,,,,,,,,,,,-1.0,,,,,,,,,,,,,,,,,1.0,,,,,-1.0,,,,,,,,,,,,,,,,,,,,,,,,,,,,,,,,,,,,,,,,,,,,,,,,,1.0,,,,,,,,1.0,,,,,,,-1.0,,,-1.0,,,,,,,,,,,,,,,,,,,,,,,,,,,,,,,,,,,,,,,-1.0,,,,,,,,,,,,,,,,,,,,,,,,,,,,,,,,,,,,,,,,,,,,,,,1.0,,,,,,,,,,,,,
2012-01-31,,1.0,,,,,,,,,,,,,,,,,,,-1.0,,,,,,,,,,1.0,,,,,,,,,,,,,,,,,,,,,,,,,,,,,,,,,,-1.0,-1.0,,,,,,,,,,,,,,,,,,,,,,,,,,,,,,,,,,,,,,,,,,,,,,,,,,,,,,,,,,,,,,-1.0,,,,,,,,,,,,,,,,,,,,,,,,,,1.0,,,,,,,,,,,,,,,,,,,,,,,1.0,,,,,,,,,,,,,,-1.0,,,,,,,,,1.0,,,,,,-1.0,,,,,1.0,,,,,,-1.0,,,,,,,,,,,,,,,,,,,,,,,,,,,,,,,,,,,,,,,,,,,,,,,-1.0,,,-1.0,1.0,,,,,,,,,,,,,1.0,,,,,,,,,1.0,,,1.0,-1.0,,,,,,,,,,,,,,,,,,,,
2012-02-29,,,,,,,,,,,,-1.0,,,,,,,,-1.0,,,,,,1.0,,,,,,,,,,,,,,,1.0,,,,,,,,,,,,,,,,,1.0,,,,,,,,,,,,,,,,,,,,,-1.0,,,,,,,,,,,,,,,,,,,,,,,,,,,,,,-1.0,-1.0,,-1.0,,,,,,,,,,,,,-1.0,,,,,,,,,,,,,,,,,,,,,,,,,,,,,,,,,,,,,,,,,,,,,,-1.0,,,,,,,,,,,,,,,,,,,,1.0,,,,,,1.0,,,,,,,,,,,1.0,,,,-1.0,,,,,,,,,,,,,,,,,,,,,,,,,,,,,1.0,,,,,,,,,,,,,-1.0,,,,,,,,,,,,,,,,,,,,,,,,,,,,,,,,,,,1.0,,1.0,,,,,,1.0,,,,,,,,,,,,,,,,,
2012-03-30,,1.0,,,,,,,,,,-1.0,,,,,,,,,,1.0,,,-1.0,,,,,,,,,,,,,,,,1.0,,,,,,,,,,,,,,,1.0,,,,,,,,,,,-1.0,,,,,,,-1.0,,,,,,,-1.0,,,,-1.0,-1.0,,,,,,,,,,,,,,,,,,,,-1.0,,,,-1.0,,,,,,,,,,,,,,,,,,,,,,,,,,,,1.0,,,,,,,,,,,,,,,,1.0,,,,,,-1.0,,,,,,,,,,,,,,,,,,,,1.0,,,,,,,,,,,,,,,,,,1.0,,1.0,,,,,,,,,,,,,,,,,,,,,,,,,,,,,,,,,,,,,,,,,,,,,,,,,,,,,,,,,,,,,,,,,,,,,,,,,,,,,,,,,,,,,,,,1.0,,,,,,,,,,,,,,,,,,,,,,,,,,
2012-04-27,1.0,,,,,,,,,,,-1.0,,,,,,,,,,-1.0,,,,,,,,,,-1.0,,,,,,,,,,,1.0,1.0,,,1.0,,,,,,,,,,,,,,,,,-1.0,,,,,,1.0,,-1.0,,,,,,,,,,,,,,,,,,,,,,,,,,,,,,,,,,,,,-1.0,,,,,,,,,,,,,,,,,,,,1.0,,,,,,,,,,,,,,,,,1.0,,1.0,,,,,,,,,,,,,,,,,,,,,,-1.0,,,,,,-1.0,,,,,,,,,,,,,,,,,,,,,,,,1.0,,,,,,,,,,,,,,,,,,,,,,,,,,-1.0,,,,,,,,,,,,,,,,,,,,,,,,,,,,,,,,,,,,,,,,,,,,,,,,,,,,,,,1.0,,,,,,,,,,-1.0,,,,,,,,,,,,,,,,,,,,,,,
2012-05-31,,,,,,,,,,,,,,,,,,,,,,,,,,,,,,,,,,,,,,,,-1.0,,,,,,,,,,,,,,,,,,,,,,1.0,,,,-1.0,,,,,,,,,,,,-1.0,-1.0,,,,,,,,-1.0,,,,,,,,,,,,,,,,1.0,,,,,-1.0,,,,,,,,,,,,,,,,,,-1.0,,,,,,,,,,,,,,,,1.0,,,,,,,,,,,,,,,,,,,,1.0,,,,,,,,,,,,,,,,,,,1.0,1.0,,,,,1.0,,,,,,,,,,,,,,,,,-1.0,,,,,,,,,,,,1.0,,,,,,,,,,,,,,,-1.0,,,,,,,,,,,,,,,,,,,,,,,,,,,-1.0,,,,,,,,,,,,1.0,,,,,,,,,,,,,,1.0,,,,,,,,,,,,,,,,,,,,,,,,,,,,,,
2012-06-29,,,,,,,,,,,1.0,-1.0,,,,,,,,,,,,,,,,,,,,1.0,,,,,,-1.0,,,,,,,,,1.0,,,,,,,,,,,,,,,,-1.0,,,,,,,,,,,,,,,-1.0,,,-1.0,-1.0,,,,,,,,,,,,,,,,,,,,,,,,,,-1.0,,,,,,,,,,,,,,,,,,,,,,,,,,-1.0,,,1.0,,,,,1.0,,,,,,,,,,,,,1.0,,,,,,,,,,,,,,,1.0,1.0,,,,,,,,,,,,,,,,,,,,,,,,,,,,,,-1.0,,,,,,,,,,,,1.0,,,,,,,,,,,,,,,,,,,,,,,,,,,,,,,,,,,,,,,,,,,,,,,,,,,,,,,,,,,,,,,1.0,,,,,,,,,,,,,,,,,,-1.0,,,,,,,,,,,,,,,,,,,,
2012-07-31,,,,,,,,,,-1.0,,,,,,,,,,,,,,,,-1.0,,,1.0,,,,,,,,,,,,,,,,,,,,,,,,,,,,,,,,,,,,,,,,,,,,,,,,,,,,-1.0,1.0,,,,,,1.0,,,,,,,,,,,,,,,,,,,-1.0,,1.0,-1.0,,,,,,,,,,,,,,,,-1.0,,,,,,,,,,,,,,,,,,,,,,,,,,,,,,,,,,,,,,-1.0,,,1.0,,,,-1.0,1.0,,,,,,,,-1.0,,,,,,,,,,,,1.0,,,,,,,,,,-1.0,,,,,,1.0,,,,,,,,,,,,,,,,,,,,,,,,,,,,,,,,,,,,,,,,,,,,,,,,,,,,,1.0,,,,1.0,,,,,,,,,,,,,,,,,,,,,,,,,,,,,,,,,,,,,,,,,,,,,,,,,
2012-08-31,,,,,,,,,,,,,,,,,,,,,,,,,,,,,-1.0,-1.0,,1.0,,,,,,,,,,,,,,,,,,,,-1.0,,,,,,,,,,,,,,,,,,,,,,,,,-1.0,,,,-1.0,,,,,,,-1.0,,,,,,,,,,,,,,,1.0,,,,,,,,,-1.0,,,,,,,,,,,,,,,,,,,,,,1.0,,1.0,,,,,,-1.0,,,,,,,1.0,,,,,1.0,,,,1.0,,,,,,,1.0,,,,,,,,,,,,,,,,-1.0,,,,,,,,,,,,,,,,-1.0,,,,,,,,,,,,,,,,,,,,,,,,,,,,,,,,,,,,,,,,,,,,,,,,,,,,,,,,,,,,,,,,,,,,,,,,,,,,,,1.0,,,,,,,,,,,,,,1.0,,,,,,,,,,,,,,,,,,,,,,,,,
2012-09-28,,,,,,,,,,,,,,,,,,,,,,,,-1.0,1.0,,,,,,,,,1.0,,,,,,-1.0,,,,,,,,,,,,,,,,,,,,,,,,,,,,,,,,,,,-1.0,,,,,,-1.0,,,,-1.0,,-1.0,,,,,,,,,,,,,,,,,,,,,,,-1.0,,,-1.0,,,,,,,,,,,,,1.0,,,,,1.0,,,,,,,,,,,,,1.0,,,,,,,,,,,-1.0,,,,,,,,,,,,,,,,,,,,,,,,,,,,,,,,,,,,,,,,1.0,,,,,,1.0,,,,,,,,,,,,,,,,,,,,,,,,,,,,,,,,,,,,,,,,,,,,,,,,,,,,,,,-1.0,,,,,,,,,,,1.0,,,,,,,,,,,,,,,,,,1.0,,,,,,,,,1.0,,,,,,,,,,,,,,,,,,,,
2012-10-31,,,-1.0,,,,,,,,,,,,,,,,,,,,,,,,,,,,,,,,,,,,,,,,,,,,-1.0,,,,,,,,,,,,,,,,,,,,,,,,,,1.0,,,,1.0,,,,,,,,,,,,,,,,,,,,,,,,,,,,,,,,,1.0,,1.0,,,,,,,,,,,,,,,-1.0,,,,,,,,1.0,,,,,,,,,1.0,,,-1.0,,,,,,,,,,,,-1.0,,,,,,,,,-1.0,,,,,,,,,,,,,,-1.0,,,,,,,,,1.0,,,,,,-1.0,,,,-1.0,,,,1.0,,,,,,,,,,,,,,,,,,,,,,,,,,,,,,,,,,,,,,,,,,,,,,,,,-1.0,,,,,,1.0,,,,,,,,,,,,,,,,,,,,,,,,,,,,,,,,,,1.0,,,,,,,,,,,,,,,,,,,,
2012-11-30,,,,,,,,,,,,,,,1.0,,,,,,,,,,,-1.0,,-1.0,,,,-1.0,,,,,,,,,,,,,,,,,,,,,,,,,,,,,,,,,,,,,,,,,,,,,,,,,,,,-1.0,,,,,,,,,,,,,,,,,,,,,,,,,,,,,,,,,,,,,,,,,,,,,,,,,,,1.0,,,,,,,,,1.0,,,,,,,-1.0,,,,,-1.0,1.0,,,,,,,,,1.0,,-1.0,,,1.0,,,,,,,,,,,,,,,,,1.0,,,,,,,,,,1.0,,,,,,,,,,-1.0,,,,,,,,,,,,,,,,,,,,,,,,,,,,,,,,,,,,,,,,,,,,,,,,-1.0,,,,,,,,,,,,,,,,,,,1.0,,,,,,,,,,,,,1.0,,,,,-1.0,,,,,,,,,,,,,,,,,,,,,
2012-12-28,,,,,,,,,,,,,,,,,,1.0,,,,,,,,,,,,,,-1.0,,,,,,,,,,,,,,,,,,-1.0,,,,,,,,,,1.0,,,,,,,,,,,,,,,,,,,,,,,,,,,-1.0,,,,,,,,,,,,,,,,,,,,,,,,,1.0,,,,,,,,,,,,,,,,,1.0,,,,,,1.0,,,,,,,,,,,,,,,,-1.0,,,,,,,,,,,,,,,1.0,,-1.0,,-1.0,,,,,,,1.0,,,,,-1.0,,,,,,,,,,,,,,,,,,1.0,,,,,-1.0,,,,,,,,,,,,,,,,,,,,,,,,,,,,,,,,,,,,,,,,,,,,,,,,,1.0,,,,,,1.0,-1.0,,,,,,,,,,,,,,,,,,,,,,,,,,,,,,,,,,,,,-1.0,,,,,,,,,,,,,,,,
2013-01-31,,,,,,,,,,,,,,,,,,,,,,,,,,,,,,,,,,,,,,,,,,,,,-1.0,,,,,,-1.0,,,,,,,,,,,,,,,,,,,,,,,,,,,-1.0,,,,,,,,,,-1.0,-1.0,,,,,,,,,,,,,,,,,,,,,,,,-1.0,,,,,,,,,,,,,,,,,,,,,,1.0,,,,1.0,,,1.0,,,,,,,1.0,,,,-1.0,,,,1.0,,,,,,,,,,,,1.0,,,,,,,,,,,,,,,,,,,,,,,,,,,,-1.0,1.0,,1.0,,,,,,,,,,,,,,,,,,,,,,,,,,,,,,-1.0,,,,,,,,,,,,,,,,,,,,,,,,,,,,,,,,,,,,,,,,,,,,,,,,,,,,,,,1.0,,,1.0,,,,,,,,,,,,,,,,,,,,,,,,,,-1.0
2013-02-28,,,,,,1.0,,,,,1.0,,,,,,,,,,,,,-1.0,1.0,,,,,,,,,,,,,,,,1.0,,,,,,,,,-1.0,,,,,,,,,,,,,,,,,,,,,,,,,,,,,,,,,,,-1.0,,,,-1.0,,,,,,,,,,,,,,,,,,,,-1.0,,,,,,,,,,,,,,,,,,,,,,,,,,,,,,,,,,,,,,,,,,,,,-1.0,,,,,,,,,,,,,,,,,1.0,1.0,,,,-1.0,,,,,,,,,,,,,,,,,,-1.0,,,-1.0,1.0,,,,,,,,,,,,,,-1.0,,,,,,,,,,,,,,,,,,,,,,,,,,,,,1.0,1.0,,,,,,,,,,,,,,,,,,,,,,,,,,,,,,,,,,,,,,,,,,,1.0,,,,,,,,,,,,,,,,,,,,,,,,,,,,,
2013-03-29,,,,,,,,,,,,,,,,,,,,,,,,,,,,,,,,,,,,,,,,,,,,,,,,,,,,,,,,,,,,,,,,,,,,,,,,,,,,,,-1.0,,,,,,,,,,,-1.0,,,,,,,,,,,,,,1.0,,,,,,,,,,,,,-1.0,,,,,,,,,,,-1.0,,,,,,,,,,,,,,,1.0,,,,,,1.0,,,,,,-1.0,-1.0,,,,,,1.0,,,-1.0,1.0,,,,,,,,,,,,,-1.0,,,,,,,,,,,,,,,,,,-1.0,,,,,,,,,,,,,,,,,,,,,,,,,,,,,,1.0,,,,,,,,,,,,,,,,,,,,,,,,,,1.0,,,,,,,1.0,,,,,,,,,,,,1.0,,,,,1.0,,,,,,,,,,,,,,,-1.0,,,,,,,,,,,,,,,,,,,,,,,
2013-04-26,,,,,,,,,,,,-1.0,1.0,,,,,,,,,1.0,,,,,,,,,,,-1.0,,,,,,,,,,,,,-1.0,,,,,,,,,,,,,,,,,,,,-1.0,,,,,,1.0,,-1.0,,,,,,,,,,,,,,,,,,,,,,,,,,,,,,,,,,,,,,,,,,,,,,,,,,,,,,,1.0,,,,,,1.0,,,,,,,,,,,,,,,,,,,,,,,,,,,,-1.0,,,,,,,,,,,,,,,,,,,,,,,-1.0,,,,,,-1.0,,,,,,,,,,,,,,-1.0,,,,,,,,,,,,,,,,,,,,,,,,,,,,1.0,,,,,,,,,,,,,,,,,,1.0,,,,,,,,1.0,,,,,,-1.0,,,,,,,,,,1.0,,,,,,,,,,,,,,,1.0,,,,,,,,,,,,,,,,,,,,,,,
2013-05-31,,,,,,,,,,,,,,,,,,,,,,,,,,,,-1.0,,,,,,,,,,,,-1.0,,,,,,,,,,,,,,,,,,,,,,,,,,,,,,,-1.0,1.0,,1.0,,,,,,,,,,,,,,-1.0,,,,,,,,,,,,,,,-1.0,,,1.0,,,,,,1.0,,,,1.0,,,,,,,,,,,,,,,,,,,,,,,,1.0,,,,,,,-1.0,,,,,,,,,,,,,,,,,,,,,,1.0,,,,,,,,,,,,,,,,,,,,,,,,,,,,,,,,,-1.0,,,,-1.0,,,,,,,,,,,,,,,,,,,,-1.0,,,,,,,,1.0,,,,,,,,,,,,,,,,,,,,1.0,,,,,,,,,,,,,,1.0,,,,-1.0,,,,,,,,,,,,,,,,,,,,,,,,,,,,,,,,,,,,,,,,,,
2013-06-28,,,,,,,,,,,,,,,,,,,,,,,,,,-1.0,,,-1.0,,,,,,,,,,,,,,,,,,,,,,,,,,,,,,,,,,,,,,,,,,,,,,,,1.0,,,,,,,1.0,1.0,,,1.0,1.0,,,,,,,,,,,,,,,,,,,,-1.0,,,,,,,,,,,,,,,,,,,,,,,,,,,,,,,,,,,,,,,,,,,,,,,,,,,,,,,,,,,,,,,,,,,1.0,,,,,,,,,,,,,,,,,,,,,,,,,,,,,1.0,1.0,,,,,,1.0,,,,,-1.0,-1.0,,,,,,,,,,,,,,,,,,,,,,,,,,,,,-1.0,,,,,,,,,-1.0,,,,-1.0,,,,,,,,,,,,,,,,,,,,,,,,-1.0,,,,,,,1.0,,,,,,-1.0,,,,,,,,,,,,,,,,,
2013-07-31,,,-1.0,,,,,,,-1.0,-1.0,,,,,,,,,,,-1.0,,,,,,,,,,,,,,,,,,,,,-1.0,,,,,,,,,1.0,,,,,,,,1.0,,,,,,,,,,,,,,,,,1.0,,,,1.0,,,,-1.0,,,,1.0,,,,,,,,,,,,,,,,,1.0,,,,1.0,,1.0,,,,1.0,,,,,,,,,,,,,,,,,,,,,,-1.0,,,,,,,,,,,,,,,,,,,,,,,,,,,,,,-1.0,,,,,,,,,,,,,,,,,,,,,,,,,,,,,,,,,,,,,,1.0,,,,,,,,,,,,,,,,,,,,,,,,,,,,,,,,,,,,,,,,,,,,,,,,,,,,,,,,,,,-1.0,,,,,,,,,,,-1.0,,,,,,,,,,,,,,,,,,,,,,,,,,,,,,,,,,,,,,
2013-08-30,,,,,,,,,,,,,,,,-1.0,,,,,,,,,,,,,,,,,,,,,,,,,,,-1.0,,,,,,,,,,,,,,,,,,,,1.0,,,,,,,,,,,,1.0,,1.0,,,,1.0,,,,,,,,,,,,,,,,,,,,,,,,,,1.0,,,1.0,,1.0,,,,,,,,,,,,-1.0,,,,,,,,,,,,,,,,,,,-1.0,,,,-1.0,,,,,,,,-1.0,,,,,,,,,,,,,,,,,,,,,,,,,,,,,,,,,1.0,,,-1.0,,,,,,,,,,,,,,,1.0,,,,,,-1.0,,,,,,,,,,,,,,,,,,,,,,,,,,,,,,,,,,,,,,,,,,,,,,,,,,,,,-1.0,-1.0,,1.0,,,,,,,,,,,,,,,,,,,,,,,,,,,,,,,,,,,,,,,,,,,,,,
2013-09-30,,,,,,,,,,,,,,,,,,,,,,,,-1.0,,,,,,,,,,,,1.0,,,,,,,1.0,,,,,,,,,,,,,,,,,,,,,,,-1.0,,,,,,,,1.0,,,,,,,,,,,,,,,1.0,,,,,,,,,,,,,,,,,,,,,-1.0,1.0,,,,,,,,,,,,,,,,,,,1.0,,,,,1.0,,,,,,,,,,,,,,1.0,,,,,,,,,,,-1.0,,,,,,,,,,,,,,,,,,,,,,,,,-1.0,,,,,,,,,,1.0,,,-1.0,,,,,,,-1.0,,,,,,,1.0,,,,,,,,,,,,,,,,,,,,,,,,,,,,,,,,,,,,,,,,,,,,,,,,,,,,,-1.0,,,,,,,,,,,,,,,,,,,,,,,,,-1.0,,,,-1.0,,,,,,,,,,,,,,,,,,,,
2013-10-31,,,,,,,-1.0,,,,,,,,,,,,,,,-1.0,,,,-1.0,,,,,,,,-1.0,,,,,,,,,,,,,,,,,1.0,,,,,,,,,,,,,,-1.0,,,,,,,,,,,,,,,,,,,,,,-1.0,1.0,,,,,,,,,,,,,,,,,,,,1.0,,1.0,1.0,,1.0,1.0,,,,,,,,,,,,,,,,1.0,,,,,,,,,,,,,1.0,,,,,,,,,,,,,,,,,,,,,,,,,,,,,,,,,,,,,,,-1.0,,-1.0,,,,,,,-1.0,,,,,,,,,,,,,,,,,,,,,,,,,,-1.0,,,,,,,,,,,,,,,,,,,,,,,,,,,,,,,,,,,,,,,,,,,,,,,,,,,1.0,,,,,,,,,,,,,,,,,,,,,,,,,,,,,,,,,,,,,,,,,,,,,,
2013-11-29,,,,,,,,,,,1.0,,,,,1.0,,,,,,,,-1.0,,,,,,,,,,,,,,,,,,,1.0,,,,,,,,,-1.0,,,,,,,,,,,,,,,,,,,,,,,-1.0,,,,,,,,,,,,,,,,,,,,,,,,,,,,,,,-1.0,,,,-1.0,1.0,,,,,,,,,,,,,,1.0,,,,,,,,,,,,,,,,,,,,,,,,1.0,-1.0,-1.0,,-1.0,,,,,,,,,,,,,,,,,,,,,,,,,,,,,,,,,,,,,,,,,,,,1.0,,1.0,,,,,,,,,,,,,,,,,,,,,,,,,,,,,,,,-1.0,,,,,,,,,,,,,,,,,,,,,,,-1.0,,,,,,,,,,,,,,,,,,,,,1.0,,,,,,,,,,1.0,,,,,,,,,,,,,,,,,,,,,,,,,,,,,
2013-12-30,,,,,,,,,,,1.0,1.0,,,,,,,,,,,,,,,,,,,,,,,,,,1.0,,,,,,,,,,,1.0,,,,,,,,,,,,,,,,,,,,,,,,,,,,,,,,,,,,-1.0,,,,,,,,,,,,,,,,,,,,,-1.0,-1.0,,,-1.0,,1.0,,,,,,,,,,,,,,,,,,-1.0,,,,,,,,,,,,,,,,,,,,-1.0,,,,,,,,1.0,,,,,,,,,,,,,,,,,,,,,-1.0,,,,,,-1.0,,,,,,,,,,,,,,1.0,,,,,,,,,,,,1.0,,,,,,-1.0,,,,,,,,,,,,,,1.0,,,,,,,-1.0,,,,,,,,,,,,,,,,,,,,,,,,,,,,,,,,,,,,,,,,,,,,,,,,,,,,,,,,,,,,,,,,,,,,,,,,,,,,1.0
2014-01-30,,,,,,,,,,,-1.0,,,,,,,,,,,,,,,,,1.0,,,,,,1.0,,,,,,,,,,,,,,,,,,,,,,,,,,1.0,1.0,,,1.0,,1.0,,,,,,1.0,,,,,-1.0,,,,,,,,,,,,1.0,,,,,,,,,,,,,,,,,,-1.0,,,,,,,,,,,,,,,,,,,,,,,,,,,,,,,,,,,,-1.0,,,,,,,-1.0,,,,,,,,,,,,,,1.0,,,,,,,,,,,,,,-1.0,,,,,,,,,,,,,,,,-1.0,,,,,,,,,,,,,,,,,,,,,,-1.0,,-1.0,,,,,,,,-1.0,,,,,,,,,,,,,,,,,,,,,,,,,,,,,,1.0,,,,,,,,,,,,,,,,,,,,,,,,,,,,,,,,,,,,,,,,,,,,,,,,,,,,,,,,,,
2014-02-28,,,,,,,,,,,,,,,,,,,,,,,,,,,1.0,,,,,,,,,,,1.0,,,,,,,,,,,,,,,,,,,,,,,,,,,,1.0,,,,,,,,,,,,,,,,,,-1.0,,-1.0,,,,,,,,,,,,,,,,,,,,,,,,,,,,,,,,,,,,,,,,,-1.0,,,,,,,,,,,,,,,,,,,,,,,,,,,-1.0,,,,,,,1.0,,,,,,,1.0,,,,,,,,,,-1.0,,-1.0,,,,,,,,,,,,,,,,,1.0,,,1.0,,,,,,,,,,,,,,-1.0,1.0,,,-1.0,,,,,,,,,,,,,1.0,,,,,,,,,,,,,,,,,,,,,,,,,,,,,,,,,,,,,,,,,,,,,,,,,,,,,,,,,,,,-1.0,,,,,,,,,,-1.0,,,,,,,,,,,,,1.0
2014-03-31,,,,,1.0,,,,,,,,,,,,,,,,,,,,,,-1.0,,,,,,,,,,,1.0,,,,,,,,,,,,1.0,,-1.0,,,,,,,,,,,,,,,,,,,,,,,,,,,,,,,,,,,,1.0,,,,,,,,,,,,,,,,,,,,,,,,,,,,,,,,,,,,-1.0,,,,,,-1.0,,,,,,,,,,,,,,,,,,,-1.0,,,,,,,1.0,,,,,,,,,,,,,,,-1.0,,-1.0,,,,,,,,,1.0,,,,,,,,,,,,,,,,,,1.0,,,,,,,,,,,,,,-1.0,,,,,,,,,,,,,,,1.0,,,,,,,,,,,,,,,,,,,,,,,,,,,,,-1.0,,,,,,,,,,,,,,,,,,,,1.0,,,,,,,,,,,,,,,,,,,,,-1.0,,,,,,,,,,,,,,,1.0
2014-04-30,,,,,,,,,,,-1.0,,,,,,,,,,,,,,,,,1.0,,,,,-1.0,,,,,,,,,,,,,,,,,,,-1.0,,,,,,,,,,-1.0,,,,,,,,,,,,,,,,1.0,,,,,,,,,,,,,,,,,,,,,,,,,,,,,-1.0,,,,,,,,,,,,,,,,,,1.0,,,,,,,,,,,,,,,,,,,,,,,,,,,,,-1.0,,,,,,,,,,,,,,,,,,,,,,,-1.0,,-1.0,,,,,,,,1.0,,,,,,-1.0,,,,,,,,,,,,,,,,,,,,,,1.0,,,,,,,,,,,,,,,1.0,,,,,,,,,,,,,,,,,,,,,1.0,,,,,,,,,,,,,,,1.0,,,,-1.0,,,,,,,,,,,,,,,,,,,,,,,,,,,1.0,,,,,,,,,,,,,,,,,1.0
2014-05-30,,-1.0,,,,,,,,,,,,,,,,,,,,,,,,,,,,,,,,,,,,,,,,,,,-1.0,,-1.0,,1.0,1.0,,,,,,,1.0,,,,,,,,,,,,,1.0,,,,,,,,,,,,,1.0,,,,,,,,,,,,,,,,,,,,,,,,,,,-1.0,,,,,,,,,,,,,,,1.0,,,,,-1.0,,,,,,,,,,,,,,,,,,,,,,,,,,,,,,-1.0,,,,,,,,,,,-1.0,,-1.0,,,,,,,,,,,,,,,,,,,,,,,,,,,,1.0,,,,-1.0,,,-1.0,,,,,,,,,,,,,,,,,,,,,,,,,,,,,,,,,,,,,,,,,,,1.0,,,,,,,,,,,,,,,,,,,,,,,,,,,,,,,,,,,,,,,,,,,1.0,,,1.0,,,,,,,,,,,,,,,,,
2014-06-30,,,,,,,,,,,,,,,,,,,1.0,,,,,,,,,,,,,,,,,,,,,,,,,,,,,,,,,-1.0,,,,,,,,,,,,,,,,,,,,,,,,,,1.0,,,,,,,,,,,,,,,,,,,,,,,,,,,,,,,,-1.0,,-1.0,,,,,,,,,,,,,1.0,1.0,,,,-1.0,,,,,,,,,,,,1.0,,,,,,,,-1.0,,,,,,,,1.0,-1.0,,,,,,,,,,,,,,,,,,-1.0,,,,,,,,,,,,,,,,,,,,,,,,,,-1.0,,,,,,,,,,,,1.0,,,,,,,,,,,-1.0,,,,1.0,,,,,,,,,,,,,,,,,,,,,1.0,,,,,,,,,,,,,,,,,,,,,,,,,,,,-1.0,,,,,,1.0,,,,,,,,,,,,,,,,,,,,,,,,,,,,,
2014-07-31,,,,,,,,,,,,,,,,,,,,,,,,,,,,,,,,,-1.0,,,,,,,,,,,,,,,,,,,-1.0,,,,,,,,,,,,,,,,,,,,,,,,,,1.0,,,,,,,,,,,,,,,,,,,,,,,,,,,,,,,,-1.0,,,,,,,,,,,,,,,1.0,,-1.0,,,,,,,,,,,,,,,,,,,,,,,,,,,-1.0,,,,1.0,,,,1.0,,,,,,,,,,,,,,,,,,-1.0,,,,,,,,,,,,,,,,,,,,,,,,,-1.0,,,,,,,,,,,,,,1.0,,,,,,,,,,,,,,,,,,,,,,,,,,,,,,,,,,,,-1.0,,,,,,,,,,,1.0,1.0,,,,,,,,1.0,,1.0,,,,,,,,,,,-1.0,,1.0,,,,,,,,,-1.0,,,,,,,,,,,,,,,
2014-08-29,,,,,,,,,,,,,,1.0,,,,,,,,,,,,,,,1.0,-1.0,,,,,,,,,,,,,,,,,,,,,,-1.0,,,,,,,,,,,,,,,,,,,,,,,,,,,,,,-1.0,,,,,-1.0,,,,,,,,,,,,,,,,,,,,-1.0,,,-1.0,,,,,,,,,,,,,,,,,-1.0,,,,,,,,-1.0,,,1.0,,,,1.0,,,,,,,,,,,,,,,,,,,-1.0,,,,1.0,,,,,,,,,,,,,,,,,,,,,,,,,,,,,,1.0,,,,,,,,,,,,,,,,,,,,,,,,,,,,,,,,,,,,,,,,,,,,,,,,,,,,,,,,1.0,,,,1.0,,,,,,,,,,,,,,,,,,,,,,,,-1.0,,,,,,,,,,,1.0,,,,,,,,1.0,,,,,,,,,,,,,,,,
2014-09-30,,,,,,,,,,,,,1.0,,,,,,,,,,,,,,,-1.0,,,,,-1.0,,,,,,,,,,,,,,-1.0,,,-1.0,,,,,,,,,,,,,,1.0,,,,,,,,1.0,,,,,,,,,,,,,,,,-1.0,-1.0,,,,,,,,,,,,,,,,,,,,,,,,,,,,,,,,,,,,,,-1.0,1.0,,,1.0,,,,,,,,,,,,,,,,,,,,,,,,,,,1.0,,,,,,,,,,1.0,,,,,,,,,,,,,,,,,,,,,,,,-1.0,,,,,,,,,,,,,,,,,,,,,,,,,,,,,,,,,,,,1.0,,,,,,,,,,,,,,,,,,,,,,,,,,,,,,-1.0,,,,,,,,-1.0,,,,,,,,,,,,,,,,,,,,,,,,,,,,,,,1.0,,,,,,,,,,,,,,,,,1.0
2014-10-31,,,,,,,,,,,,,,,,1.0,,,,-1.0,,,,,,,1.0,,-1.0,,,,,,,,,,,,,,,,,,,1.0,,,,,,,,,,,,,,-1.0,,,,,,,,,,,,,,,,,,,-1.0,,,,,,,,,,,,,,,,,,,,,,,,,,,1.0,,,,,1.0,,,,,,,,,,,,1.0,,,,,,,,,,,,,,,,,,,,,,,,,,,,,-1.0,,,,,,,,,,,,,,,,,,,,,,,,,,,,,,,,,,,,,,,,,,-1.0,,,,,,,,,,,,,,,1.0,-1.0,,,,,-1.0,,1.0,,,,,,,,,,,,,,,,,,,,,,,,,,,,,,,,,,,,,,,,-1.0,,,,,,,,,,,,,,,,,,,1.0,,,,,,,,,,,,-1.0,,,,,,,1.0,,,,,,,,,,,,,,,,,
2014-11-28,,,,,,,,,,,,,,,,,,,,,,,,,,,,,,,,,,,,,,,,1.0,,,,,,1.0,,,,,,,,,,,1.0,,,,,,,,,,1.0,,,,,,,,,,,,,1.0,,,,,,,,,,,,,,,,,,,,,,,,,,,-1.0,-1.0,,-1.0,,-1.0,,,1.0,,,,,,,,,,1.0,,,,,,,,,,,,,,,,,,,,,,,,,,,,,,,,,,,,,,,,,,,,,,,,,,,,,1.0,,,,,,,,,,,,,,,-1.0,,,,,,,,-1.0,,,,,,,,,,,,,,-1.0,,,,,,,,,,,,,,,1.0,,,,,,,,,,,,,-1.0,,,,-1.0,,,,,,,,,,,,,,,,,,,1.0,,-1.0,,,,,,,,,,,,,,,,,,,,,,,,,,,,,,,,,,,,,,,,,,,,,,
2014-12-30,,,,,,,,,,,,1.0,,,,,,,,,,,,-1.0,,,1.0,,,,,,,,,,1.0,,,,,,,,,1.0,,1.0,,,,,,,,,,,,,,,,,,,,,,,,,,,,,,,,,,-1.0,,,,,,,,,,,,,,,,,,,,,,,,-1.0,-1.0,,,,,,,,,,,,,,,,,,,-1.0,,,,,,,,,,,-1.0,,,,,,,,,,,,,,-1.0,,,,1.0,,,1.0,,,,,,,,,,,,,-1.0,1.0,,,,,,,,,,,,,,,,-1.0,,,,,,,,,,,,,,,,,,,,,,,,,,,,,,,,,,,,,,,,,,,,,,,,,,,,,,,,,,,,,,,,1.0,,-1.0,,,,,,,,,,1.0,,,,,,,,,,,,,,,,,,,,,,,,,,,,,,,,,,,,,,,,,,,,,,,,,,
2015-01-30,,,,,,,1.0,,,,,,,,,,,,,,,,,,,,,-1.0,1.0,,,,,,,,,,,,,,,,,,,,,,,-1.0,,,,,,,,,,,-1.0,,,,,,,,,,,,,,,,,,-1.0,,,,,,,,,,-1.0,,,,,,,,,,,,,,,-1.0,,,,-1.0,,,,,,,-1.0,,,,,,,,,-1.0,,,,,,,,,,,,1.0,,,,1.0,,,,,,,,,,,,,,,,,,,,,,,,,,,,,,,,,,,,,,,,,,,,,,,,,,,,,,,-1.0,,,,,,,,,,,,,,,,,,,,,,,,,,,,,,,,,,,,,,,,,,,,,,,,,,,,,,1.0,,,,,,,,,,,,1.0,,,1.0,,,,,,,,,,,,,,,,,,,,,,,1.0,,,,,,,,,1.0,1.0,,,,,,,,,,,,,,,
2015-02-27,,,,,,,,,,,,,,,,,,,,,,,,,,,1.0,,,,,,,,,,,,,,-1.0,,,,,,,,,,,-1.0,,,,,,,,,,,,,,,,,,,,,1.0,,-1.0,,,,,,,,,,,,,,,,,,,,,,,,,,,,,,,,,,,-1.0,,,,1.0,,,,,,,,,,,,,-1.0,,,,,,,,,,,,,,-1.0,-1.0,-1.0,,,,,,,,,,,,,,,,1.0,,,,,1.0,,,1.0,1.0,,,,,,,,,,,,,,,,,,,,,,,,,,,,,,,,,,,,,,,,,,,,,,,,,,,,,,,,,,-1.0,,,,,,,,,,,,,,,,,,,,,-1.0,,,,1.0,,,,,,,,,,,,,,,1.0,,,,,,,,,,,,,,,,,,,,,,,,,,,,,,,,,,,1.0,,,,,,,,,,,,,
2015-03-31,,,,,,-1.0,,,,1.0,,,,,,,,,,,,,,,,,1.0,,,,,,,,,,,,,,,,,,,,,,,,,-1.0,,,,,,1.0,,,,,-1.0,,,,,,,,,,,,,,,,,,,,,-1.0,,,,,,,,,,,,,,,,,,,,,,,-1.0,,,,,,,1.0,,-1.0,,,,,,,,,,,,,,,,,,,,,,,,,,1.0,,,,,,,,,,,,,,,,,,,,,,,,,1.0,,,,,,,,,,,,,,,,,,,,,,,,,,,,,,,,,,,,,,,,,,,,1.0,,,,,,,,,,,,,,,,,,,-1.0,,,,,,,,,,,,1.0,-1.0,,,,-1.0,,,,,,,,,-1.0,,,,,,,,,,,,,,,,,,,,,,,,,,,,,,,,,1.0,,,,,,,,,,1.0,,,,,,,,,,,,,,,
2015-04-30,,,,,,,,,,,,,,,,,,,,,1.0,,,,,,,,,,,,,,,,,,,,,,,,,,,,,-1.0,,-1.0,,,,,,1.0,,1.0,,,,,,,,,,1.0,,,,,,,,,,,,,,,,,,,,,,,,,,,,,,,,,,,,-1.0,,,1.0,,,,,,,,,,,,,,,,,,-1.0,,,,,,,,,,,,,1.0,,,,,,,,1.0,,,,,,1.0,,,,,,,,-1.0,,,,,,,,,,,,,,,,,,,,,-1.0,,,,,,,,,,-1.0,,,,,,,,,,,,,,,,,,,,,,,,,-1.0,,,,,,,,,,,,,,,,,,,,,,,,,-1.0,,,,,,,,,,,,,,,,-1.0,,,,,,,,,,,,,1.0,,,,,1.0,,,,,,,,,,,,,,,,,,,,,,,,,,,,,,,,,,,,,
2015-05-29,,,,,,,1.0,,,,1.0,-1.0,,,,,,,,,,,,,,,,-1.0,,,,,,,,,,,,,,,,,,,-1.0,,,,,1.0,,,,,,,,,,,,,,,,,,,,1.0,,,,,,,,,,,,,,,,,,,,,,,,,,,,,,,,,,,,,,,,-1.0,-1.0,,,,,,,,,,,,,,,,,,,,,,,,,-1.0,,,,,,-1.0,,,,,,,,,,,,,,,,,,,,,,,,,1.0,,,,,,,1.0,,,1.0,,,,,,,,,,,1.0,,,,,-1.0,,-1.0,,,,,,1.0,,,,,,,,,,,,,,,,,,,,,,,,,,,,-1.0,,,,,,,,,,,,,,,,,,,,,,,,,,,,,,,,,,,,,,,,,,,,,,,,,,,,,,,,,,,,,,,,,,,,,,,,,,,,,,,,,,,1.0
2015-06-30,,,,,,,,,,,,,,,,,,,,,,,,1.0,,,,,-1.0,,,,,,,,,,,,,,,,,,,,,,,,,,,,,,,,,-1.0,,,,,,,,,,,,,,,1.0,1.0,,,,,,1.0,,,,,,,,,,,,,,,,,,,,,,,,,,,1.0,,,,,,1.0,,,,,,,,,1.0,,,,,,,,,,,,,,,,,,,,,,,,-1.0,,-1.0,,,,,,,,,,,,,,,,,,,,,,,,,,,,,,,,,,,,,,,,,,,,,1.0,,,,,,,,,,,,,,,-1.0,,,,,,,,,,,,,,,,,-1.0,,,,,,,,,,,,,,,,,,,,,,,,,,-1.0,,,,,,,,-1.0,,,,,,,,1.0,,,,,-1.0,,,,,,,,,,,,,-1.0,,,,,,,,,,,,,,,,,,,1.0,,,,,,
2015-07-31,,,,,1.0,,,,,,,,,,,,,,,,,,,,,,,,,,,,,,,,,,,,,,,,,,,,,,,1.0,,1.0,,,-1.0,,,,,-1.0,,,,,,,,,,,,,1.0,,,,,,,,,,,,,,,,,,,,,,,,,,,,,,,,,,,,,,,,,1.0,,,,,,,,,,,,,,1.0,,,,,,,,,,1.0,,,,,,,,-1.0,,,,-1.0,,,,,,,,,,,,,,,,,,,-1.0,,,,,,,,,,,,,,,,,,,,,,,,,,,,,,,,,,,,,,,,,,,,,,,,,,,,,,,,,1.0,,,,,,,,,,,,,,1.0,,,,,,,,,-1.0,,,,,,,,,,,,,,,,,1.0,,,,,,,-1.0,,,,,,,,,,,,,-1.0,,,,,,,,,,,-1.0,,,,,,,,,,,,,,,-1.0
2015-08-31,,,,,,,,,,,,-1.0,,-1.0,,,,,,-1.0,,,,1.0,,,,,,,,,,,,,,,,1.0,-1.0,,,,,,,,,,,,,,,,,,,,,,,1.0,,,,,,,,,,,,,,,,,,,,,,,-1.0,,,,1.0,,,,,,,,,,,,,,,,,1.0,,,1.0,,,,1.0,,1.0,,,,,,,,,,,,,-1.0,,,,,,,,,,,,-1.0,,,,,,,,,,,,,,,,,,,,,,,,,,,,,,,,,,,,,,,,,,,,,,,,,,,,,,,,,,,,,,,,,,,,,,,,,,,,,,,,,,,,,,,,1.0,,,,,,,,,,,,-1.0,,,,,-1.0,,,,,,,,,,,,,,,,,,,,,,,,,,,,-1.0,,,,,,,,,,,,,,,,,,,,1.0,,,,,,,,,,,,,,,,,,,
2015-09-30,,,,,,,,,,,1.0,-1.0,,,,,,,,,,,,,-1.0,,,,,,,,,,,,,,,,,,,,,,-1.0,,,,,,,,,,,,,,,,,,,,,,,,,,,,,,,,,,,,,,,,,,,,,,,,,,,,,,,,,,,,,-1.0,,,,,,,,,,,,,,,,-1.0,,,,,,,,,,,,,,,,,,,-1.0,,,,,,,,,,,,,,,,,1.0,,,,,,-1.0,-1.0,-1.0,,,,,1.0,1.0,,,,,,,,,,,,,,1.0,,,,,,,1.0,,,,,,,,,,,,,,,,,,,,-1.0,,,,,,,,,,,,,1.0,,,,,,,,,,,,,,,,,,,,,,,,1.0,,,,,,,,,,,,,,,,,,,,,,,,,,,,,,,,,,,,,,,,,,,1.0,,,1.0,,,,,,,,,,,,,,,,
2015-10-30,,,,,,,,,,,,,,,1.0,,,,,,,,,,,,,,,,,,,,,,,,,,,,,,,,,,,,,-1.0,,,,,,,,,,-1.0,,,,,,,,,,,,,,,,,,,,1.0,1.0,,,,1.0,,,,,,,,,,,,,,,,,,,-1.0,,,-1.0,,,,1.0,,,,,,,,,,,,1.0,,-1.0,,,,,,,,,,-1.0,,,,,,,,,,,,,,,,,,1.0,,,,,,,,,,,-1.0,,,,,,,,,,,,,,,,,-1.0,,,,,-1.0,,,,,,,,,,,,,,,,,,,,,,,,-1.0,,,,,,,,,,,,,,,,,,,,,,,,,,,,,,,,,,,,,,,,,,1.0,,,,,,,,,,1.0,,,1.0,,,,,,,,,,,,,,,,,,,,,,,,,,,,,,,,,,,,,,,,,,,,,,,
2015-11-30,,-1.0,,,,,,,1.0,,,,,,,,,,,,,,,1.0,,,,,,,,,,,,,,,,,,,,,,,,,,,,,,,,,,,,,,,,,,,,,,,,,-1.0,,,,,,,,,,,1.0,,,,,-1.0,,,,,,,,,,,,,,,,,1.0,1.0,,,,,1.0,,-1.0,,,,,,,,,,-1.0,,,,,,,,,,,,,,,,-1.0,,,,,,,,,,,,1.0,,,,,,,,,,,,,,,,,1.0,,,-1.0,,,,,,,,,,,-1.0,,,,-1.0,,,,,,,,,,,,,,1.0,,,,,,,,,,,,,,,,,,,,,,,,,,,,,,,,,1.0,,,,,,,,,,,,,,,,,,,,,,,,,,,,,,-1.0,,,,,,,,,,,,,,,,,,,,,,,,,,,,,,,,,,,,,,,,,,,,,,,,,,
2015-12-30,,,,,,,,,,,,,,,,,,,,-1.0,,,,,,,,,,1.0,,,,,,,,,,,,,,,,,,,,,,-1.0,,,,,1.0,-1.0,,,,,,,,,,,,,,,,-1.0,-1.0,,,,,,,,,,,,,,,,,,,,,,,,,,,,,,,,,1.0,,,,,,,,,,,,,,,,,,,,,-1.0,1.0,,1.0,,,,,,,,,,,,,,-1.0,,,,,,,,,,,,,,,1.0,,,,,,,,,,,-1.0,,,,,,,,,,,,,,,,,,,,,1.0,1.0,,-1.0,,,1.0,,,,,,,,,,,,,-1.0,,,,,,,,,,,,,,,,,,,,,,,,,,,,,,,,,,,,,,,,,,,,,,,,,,,,,1.0,,,,,,,,,,,,,,,,,,,,,,,,,,,,,,,,,,,,,,,,,,,,,,,,,
2016-01-29,,,,,,,,,,,,,,,,,,,,,,,,,,,,,,,,,,,,,,,,-1.0,,,,-1.0,,,,,,,,,,,,,,,,,,,,1.0,,,,,,1.0,,,,,,,-1.0,,,,,,,,-1.0,,,-1.0,,,,,,,,,,,,,,,,,,,,-1.0,,,,,,,,,,,,,,,,,,,,,-1.0,,,,,,,,,,,,,,,,1.0,,,,,,,,,,1.0,,,,,,,,,,,,-1.0,,,,,,,,,,-1.0,,,,,,,,,,,,,,,,,1.0,,,,,1.0,,,,,,,,,,,,,,,,,,,-1.0,,,,,,,,,,,,,,,,,,,,,1.0,,,,,,,,,,,,,,,,,,,,,,,,,,,,,1.0,,,,,,,,,,,1.0,,,,,,1.0,,,,,,,,,,,,,,,,,,,,,,,,,,,,,
2016-02-29,,,,,,,,,,,,,,,1.0,,,,,,,,,,,-1.0,,,,,,,,,,,1.0,,,,,,-1.0,,,,,,,,,1.0,1.0,,,,,,,,,-1.0,,,,,,,,,,,,,,,,,,,,,,,,,,,,,,,,,,,,,,,,,,,,,,,,,,,,,,,,,,,,,,,,-1.0,,,,,,,,,,,,,1.0,,,,,,,,,,,,,,,,,,,,,,,,,,,,-1.0,,,,,,,,,,,,-1.0,,,,,,,,,-1.0,,,-1.0,,,,,,,,,,,,,,,,,,,,,,-1.0,,,,,,,,,,,,,,,1.0,,,1.0,,,,,,,,,,,,,,,,,,,,1.0,,,,,,,1.0,,,,,,,,,,,,-1.0,,,,,,,,,,,,,,,,,,,,1.0,,,,,,,,,,,,,,,,,,,,,,,,
2016-03-31,,,,,,,,,,,,1.0,,,,,,,1.0,,,,,,,,,,,,,,,,,,,,1.0,,,,,,,,,,,,,,,,,,,,,,,,,,,-1.0,,,,,,,,,,,-1.0,,,,,,,,-1.0,,,,-1.0,,,,,,,,,,,,,,,,,,-1.0,,,,,,,,,,,,,,,,,,,,,,,-1.0,,,,,,,,,,,,,,,,,,,,,,,,,,,,,,,,1.0,,,,,1.0,,,,,,,,,,,,1.0,,,,,,,,,-1.0,,,,,,,-1.0,,,1.0,,,,1.0,,,-1.0,,,,,,,1.0,,,,,,,,,,,,,,,,,,,,,,,,,,,,,,,,,,,,,,,,,,,,,,,,,,,,,,,,,,,,,,,-1.0,,,,,,,,,,,,,,,,,,,,1.0,,,,,,,,,,,,,,,,,,,
2016-04-29,,,,,,,,,,,,,,,,,,,,,,,,,,,,,,,,,,,,,,1.0,,-1.0,,,,-1.0,,,,,,,,,,,,1.0,,,,,,,,,,,,,,,,,,,-1.0,,,1.0,,,,,,,,,,,-1.0,,,,,,,,,,,,,,,,,,-1.0,-1.0,,,1.0,,,,,,,,,,,,,,,,,,,,,,,1.0,,,,,-1.0,,,,,,,,,,,,,,,,,,,,,,,,,,,,1.0,1.0,,,,,,,,,,,,,,,,,,1.0,,,,,,,,,,,,,,,,,,,,,,,,,,1.0,,,,,,,,,,,,,,,,,-1.0,,,,,,,,,,,,,,,-1.0,,,,,,,,,,,,,,,,,,,,-1.0,,,,,,,,,,,,,,,,,,,,,,,,,,,,,,,,,,,,,,,,,,,,1.0,,,,,,
2016-05-31,,,,,,,,,,,,,,,,,,,,,,,,,,,,,,,,,,,,,,,,,,,,,,,,,,,-1.0,,,,,,,,,,,,,,,,,,,,,1.0,,,,,,,,,1.0,,,,,,,,-1.0,,1.0,,,,,,,,,,,,,,,,,,-1.0,,,,,,,,,,,,,,,,1.0,,-1.0,,,,,,,,,,,,,,,,-1.0,,,,,,,,-1.0,,,,,,,,,,,,,,,,,,,,,,,,,,,,,,,,,,,,,-1.0,,,,,-1.0,,,,,1.0,1.0,,,,,,,,,,,,,1.0,,,,,,,,,,,,,,,,,,,1.0,,,,,,,,,,,,,-1.0,,,,,,,,,,,,,,,,,,,,,,,,,,,,,,,,,,,,,,,,,1.0,,,,,,,,,,,-1.0,,,,,,,,,,,,1.0,,,,,,
2016-06-30,,,,,1.0,,,,,,,-1.0,,,,,,,,,,,,,,,,,,,,,,,,-1.0,1.0,1.0,,,,,-1.0,,,,,,,,,,,,,,,,-1.0,,,,,,,,,,,,,,,,,,,,,,,,,,,,,,,,,,,,,,,,,,,,,,,,,,,,,,,-1.0,,,,,,,,,,1.0,,,-1.0,,,,,,,,,,,,,,,,,,,,,,,,,-1.0,,,,,1.0,,,,,,,,,,,,,,,,,,,,,,,,,,-1.0,,,,,,,,,,,,1.0,,,1.0,,,,,,,,,,-1.0,,,,,,,,,,,,,,,,,,,,,,,,,,,,,,,,,,,,,,,,,,,,,,,,,,,,,,,,,,,,,,,,,,,,,,,1.0,,,,,,1.0,,,1.0,,,,,-1.0,,,,,,,,,,,,,,,,,,,,,
2016-07-29,,,,,,,,,,,-1.0,,,,,,,,,,,,,1.0,,,,,,,,,,,,,,,,-1.0,,,,,,,,,,,,1.0,,,,,,,,,,,,,,,,,,,,,,,,,1.0,,,,1.0,,,,,,,,-1.0,,,,,,,,,,,,,,,,,,,1.0,,,,1.0,,-1.0,,,,,,,,,,1.0,,,,,,,,,,,,,,,,,,,,,,,,,,,,,,,,,,,,,,,,,,,,,,,,,,,,,,,,-1.0,-1.0,,,,-1.0,,,1.0,,,,,,,,,,,,,1.0,,,,,,,,,,,,,,,,,,,,,,,,,,,,,,,,,,,,,,,,,,,,,,,,,,,,,,,,,,,,,,,,,,,,,,,,,,,,,,,,,,,,1.0,,,,,,,,-1.0,,,,,,,,-1.0,,,,,,,,,-1.0,,,,
2016-08-31,,-1.0,,,,,,,,,,,,,,,,,,,,,,,,,,,-1.0,-1.0,,,,,,,,,,,1.0,,,,,,-1.0,,1.0,,,,-1.0,,,,,,,,,-1.0,,,,,1.0,,,,,,,,,,,,,,,,,,,,,,,,,,,,,,,,,,,,,,,,,,,-1.0,,,,-1.0,,,,,,,,,,,1.0,,,,,,,,,,,,,,,,,,,,,,,,,,,,,,,,,,,,,,,,,,,,,1.0,,,,,,,,,,,,,,,,,,,,,,,,1.0,,-1.0,,,,,,,,,,,,,,,,1.0,,,,,,,,,,,,,,,,,,,,,,,,,,,,,,,,,,,,,,,,,,1.0,,,,,,,,,,,,,,,,,,,,,,,,,,,,,,,1.0,,,,,,,,-1.0,,,,1.0,,,,,,,,,,,,,,,,,
2016-09-30,,,,,,,-1.0,,,,,-1.0,,,,,,,,-1.0,,,,,,,,,,-1.0,,,,,,,,,,-1.0,,,,,1.0,,-1.0,,,,,,-1.0,,,,,,,,,,,1.0,,,,,,,,,,,,,,,,,,,,,,,,,,,,,,,,,,,,,,,,,,,,,,,,,-1.0,,,,,,,,,,,,,1.0,,,-1.0,,,,,,,,,,,,,,,,,,,,,,,,,,,,,,,,,,,,,,,,,1.0,,,,,,,,,,,,,,,,,,,,,,,,1.0,,,,,,,1.0,1.0,,,,,,,,,1.0,,,,,,,,,,,,,,,,,,,,,,,,,,,,,,,,,,1.0,,-1.0,,,,,,,,,,,,,,,,,,,,,,,,,,,,,,,,,,,,,,,,,,,,,,,,,,,,,,,,,,,,,,,,,1.0,,
2016-10-31,,,,,,,,,,,,1.0,,,,1.0,,,1.0,,,,,,,,,,-1.0,,,,,,,,,,,-1.0,,,,,,,,-1.0,,,,1.0,-1.0,,,,,,,,,,,,,,,,,,,,,,,,,,,,1.0,,,,,,1.0,,,,,,,,,,,,,,,,,,,,,,,,,,,-1.0,,,1.0,1.0,,,,,,,1.0,,,,,,,,,,,,,,,,,-1.0,,,,,,,,,,,,,,,,,,,,,,,,,,,,,,,,,,,,,,,,-1.0,,,,,,,1.0,,,,,,,,,,,,,,,,,,,,,,,,,,,,,,,,,,,,,,,,,,,,,,,,,,,,,,,,,,,,,,,,,,,,,,,,,,,,,,,,,,-1.0,,,,-1.0,,,,,,,,,,,,,,,,,,,,,,,-1.0,,,,,,,,,,,,,,,,
2016-11-30,,,,,,,,,,,,,,,,,,,,,,,,,,,,,-1.0,,1.0,,,,,,,,,,,,1.0,,,,,,,,1.0,1.0,,,,,,,,,,,,,,,,,,1.0,,,,,,,,,,,,,,,,,,,,,,,,,,,,,,,,,,,,,,,-1.0,-1.0,1.0,,,-1.0,,,,,,,,,,,1.0,,,,,,,,,,,,,,,,,-1.0,,,,,,,,,,,,-1.0,,,,,,,,,,,,,,,,,,,,,,,,,,,,,,,,,,,,,,,,,,,-1.0,,,,,,,,,,,,,,,1.0,,,,,-1.0,,,,,,,,,,,,,,,,,,,,,1.0,,,,,,,,,,,,,,,,,,,,,,1.0,,,,,,,,,,-1.0,,,,,,,,,,,,,,,,,,,,,,,,,,,,-1.0,,,,,,,,,,,,,,,,
2016-12-29,,,,,,,1.0,,,,,-1.0,,,,,,,1.0,,,,,-1.0,,,,,,,,,,,,1.0,,,,,,,,,,,,,,,,,,,,,,,,,,,,,,,,,,,,,,,,,,,,,,,,,,,,,,,,,,,,,,,,,,,,,,,,-1.0,,,,,-1.0,,1.0,,,,-1.0,,,,,,,,,,,,,,,,,,,,,,,,,,,,1.0,,,,,,,,,,1.0,,,,,,1.0,,,,,,,,,,,,,,,,,,,,,,,,,-1.0,,,-1.0,,,,,,,,,,,,,,,,,,,,,,,,,,,,,,,,,,,,,,,,,,,,,,,1.0,,,,,,,,,,,,,,,,-1.0,,,,,,1.0,,,,,,,,,,,,,,,,,,-1.0,,,,,,,,,,,,,,,,,,,,,,,,,,,,,,,,-1.0,,,,1.0
2017-01-26,,,,,,,1.0,,,,,1.0,,,,,,,,,,,,,,,,,,,,,,,,,,,,,,,,,,-1.0,,,,,1.0,,,,,,,,,,,,,,,,-1.0,,,,,-1.0,,,,,,,,,,,,,,,,,-1.0,,,,,,,,,,,,,,,,,,,,,,,,,,,,,,,,,,,,1.0,,-1.0,,,,,,,,,,,,,,,,-1.0,,,,,,,,,,,,,,,,,,,,,,,,,,,1.0,,,,,,,,,,,,,,,,,1.0,,1.0,,,,,,,,,1.0,,,,,,,,,,,,,-1.0,,,,,,,,,,,-1.0,,,,,,,,,,-1.0,,,,,,,,,,,,,,,,,,,,,,,,,,,,,,,,,,-1.0,,,,,,,,,,,,,,,,,,,,,,,1.0,,,,,,,,,,1.0,,,,,,,,,,,,,,,
2017-02-28,,,,,,,,,,1.0,,,,,,,,,1.0,,,,,,,,,,,-1.0,,,,,,,,,,,,,,,,,,,-1.0,,,,,,,,,,,,,1.0,,,,,,,,,,,,1.0,,,,,,,,,-1.0,,,-1.0,,,,,,,,,,,,,,,,,,,,,,-1.0,,,,-1.0,,,,,,,,,,,,,,,,,,,,,,,,,,,,,,,,,,,,1.0,,,,,,,,,1.0,,1.0,,,,,,,,,,,,,,,,,,,,,,,,,,,,,,,,,,,,,,,,,,,1.0,,1.0,,,,,,,,,,-1.0,,,,,,,,,,,,,,,,,,,,,,,,,-1.0,,,,,,,,,,,,,,,,,,,,,,,,,,,,,,,,,,,,,,,,,,,,,,,,,,,,,,,,,,,,,-1.0,,,,,,,,,,-1.0,,1.0,,
2017-03-31,,,,,,1.0,,,,,,1.0,,,,,,,,,,,,-1.0,,,,,,,,,,,,,1.0,,,,,,,,,-1.0,,,,,,,,,,,,,,,,,,,,,,,,,,,,,,,,-1.0,,,,,,,,,1.0,,,,,,-1.0,,,,,,,,,,,,,,,,,,,-1.0,,,,,,-1.0,,,,,,,,,,,,,,,,1.0,,,,,,,,,,,,,,,,,,,,,,,,,,,,,,,1.0,,,,,,,,,,,,,,,,,,,,,,,,,,,,,,,,,,,,,,1.0,,,,,-1.0,,,,,,,,,,,,,,-1.0,,,,,,,,,,-1.0,,,,,,,,,,,,,,,,,,,,1.0,,,,,,,,,,,,,,,,,,,,,,,,,,,,,1.0,,,,,,,,,,,,,,,,,,,,,,,,,,,,,-1.0,,1.0,,
2017-04-28,,,,,,,,,,,,,,,,,,,,,,,,,,,-1.0,,1.0,,,,,,,1.0,,,,,,,1.0,,,,,,,,,,,,,,,,,,,,,,,-1.0,,,,,,,,,,,,,,,,,,,,,,,,,,,,,,,,,,,,,,,,,,,,-1.0,,,,,,,,,,,,,,,,,,,,,,,,,1.0,,,,,,,,,,,,,,,,,,,,,,1.0,,,,,,,,,,,,,,-1.0,,,,,,,,,,,,,,,,,,,,,,,,1.0,,,1.0,,,,,,,,,,,,,,,,,,,,,,,,-1.0,,,,,,,,,,,,,,,,,,,,,,,,,,,,,,,,,,-1.0,,,,,,,,,,,-1.0,,,,,,,,,,,,,,,,,,,,,,1.0,,,,,,,,1.0,1.0,-1.0,,,,,,-1.0,,,,,,,,-1.0,
2017-05-31,,,,,1.0,,,,,,,,,,,,,,,,,,,,,,,,1.0,,,,,,,,,,,,,,,,,-1.0,,,,,,,,,,,,,,,,,,,,,-1.0,,,,,1.0,,,,,,,,,,,,,,-1.0,,,-1.0,,,,-1.0,,,,,,,,,,,,,,,,,-1.0,,,,,,,,,,,,,,,,,,,,,,,,,1.0,,,1.0,,,,,,,,,,,,,,,,,1.0,,,,,,,,,-1.0,,,,,,,,,,,,,,,,,,,,,,,,,,,,,,,1.0,,,,,,,,,1.0,,,,,,,,,,,,,,,,,,,,,,,,,,,,-1.0,,,,,,,,,,,,,,,,,,,,,,,,,,,,1.0,,,,,,,,,,,,,,,,,,,,,,,,1.0,,,,,,,,,,,,,,,,,,-1.0,,,,,,,,,,,-1.0,
2017-06-30,,,,,,,,,,,,,,,,,,,,,,,,,,,,,,,,,,,,,,,,,,,,,,,,,,,,,,,,,,,,1.0,,,,1.0,,,,,,,,1.0,,,,,,,,,,,-1.0,,,,,,-1.0,,,,,,,,,,,,,,,,,,,,-1.0,-1.0,,,,,,,,-1.0,,,,,,,,,,,,,,,,,,,,,,,,,,,,,,,,,,,,,,,,,,,,,,,,,,,,,,,1.0,,,,,-1.0,1.0,-1.0,,,-1.0,,,,,,,,,1.0,,,,,,,,,,,,1.0,,,,,,,,,,-1.0,,,,,,,,,,,,,,,,,,,,,,,,,,,,,,,,,,,,,,,,1.0,,,,,,1.0,,,,,,,,,,,,,,,,,,,,,,,,,,,,,,,,,,1.0,,,,,,,,,,,,,,,,,,,-1.0,
2017-07-31,,,,,,-1.0,,,,,,1.0,,,,,,,,,,1.0,,,,,,,,,,,,,,,,,,,,,,,,,-1.0,,,,,,,,,,,,-1.0,1.0,,,,1.0,,,,,,,,,,,,,,,,,,1.0,,,,,,,,,,,,,,,,,,,,,,,,,,,,,,,,,,-1.0,,,,,,,,,,,,,,,,,,,,,,1.0,,,,,,,,,,,,,,,,,,,,,,,,,,,,,,,,,,,,,-1.0,,1.0,-1.0,,,,,-1.0,,,,,,,,,,,,,,,,,,,1.0,,,,,,,,,,,,-1.0,,,,,,,,,,,,,,,,,,,,,,,,-1.0,,,,,,,,,,1.0,,,,,,1.0,,,,,,,,,,,,,,,,,,,,,,,,,,,,,,,,,,,,,,,,,,,,,,,,,,,,,,,,,,,-1.0,
2017-08-31,,,,,,,1.0,,,,,-1.0,,,1.0,,,,,,,,,1.0,,-1.0,,,,,,,,,,,,,,,,,,,,,,,,,,,,,,,,,,,,,,,,,,,,,,,,,,,,,,,,,,,-1.0,,-1.0,,,,,,,,,,,,,,,,,,,,,,,1.0,,,,,,,,,,,,,,,,,,,,,,,,,1.0,,,,,,,,,,,,,,,,,,,,,,,,-1.0,,,,,,,,,,1.0,,,,,,,1.0,,,,,,,,,,,,,,1.0,1.0,,,,,,,,,,,,,,,,,,,,,,,-1.0,,,,,,,,-1.0,,,,,,,,,,,,,,,,,,,,,,,,,,,-1.0,,,,,1.0,,,,,,,,,,,,,,,,,,,,,-1.0,,,,,,,,,,,,,,,,,,,,,,,,,,,,,,,,,,,,,,-1.0,
2017-09-29,,,,,,,,,,,,,,,,,,,,,,,,-1.0,,,,,1.0,,,,,,,,,,,,,,,,,,,,,,,,,,,,,,,,,,,,,,-1.0,,,,,,,,-1.0,,,,,,,,,,,,,,,,,,,,,,,,,,,,,,,,,,,,,,,,,,,,,,,,,,,,,,,,,,,,1.0,,1.0,,,,,,,,,,,,1.0,,,,,,,,,,,,,,,,,,,,,,,,,,,,,-1.0,,,,,,,,,,,,,,,,,,,,,,,,,,,,,,,,,,-1.0,,-1.0,,,,,1.0,,,-1.0,,,,,1.0,,,,,,,,,,,,,,1.0,,,,,,,,-1.0,,,,,1.0,,,,,,1.0,,,,,,,,,,,,,,,,,,,,,,,,,,,,1.0,,,,,,,,,,,,-1.0,,-1.0,,,,,,,,,,,,
2017-10-31,,,,,,,,,,,,,,,,,,,,,,,,,-1.0,,,,,,,,,,,,,,,,,,,,,-1.0,,1.0,,,,,,,,,,,,1.0,,,,,,,,,,,,1.0,,,-1.0,,,,,,,,,,,,-1.0,,,,,,,,,,,,,,,,,,,,,,-1.0,-1.0,,,,,,,,,,,,,,,,,,,,,1.0,,,,,,,,,,,,,,,,,,,,,,,,,,,,,,,,,-1.0,,,,,,,,,,,,,,,,,,,,,,,,1.0,,,,,,,1.0,,,,,,,1.0,,,1.0,,,-1.0,,,,,,,,,,,,,,,,,,,,,,,,,,,,,,-1.0,,,,,,,,,,,,,,,,1.0,,,,,,,,,,,,,1.0,,,,,,,,,,,,,,,,,,,,,,,,,,,,,,,,,,,-1.0,,,,,,,,,,,,
2017-11-30,,1.0,,,1.0,-1.0,,,,,,,,,,,,,-1.0,,,,,1.0,,,,,,,,,,-1.0,,,,,,,,,,,,,,,,,,-1.0,,,,,,,,,,,,,,,,,,,,,,,,,,,,,,,,,1.0,,-1.0,,,,,,,,,,,,,,,,,,,,,,-1.0,,,,,,,,,,,,,,,,,,1.0,,,,,,,,,,,,,,,,,,,,,,,,,,,,,,,,,,,,,-1.0,,,,,,,,,,,,,,,,,,,,,,,,,,,,,,,,,,,,,,,,,,,,,,,,,,-1.0,,,,,1.0,,,,,,,,,1.0,,,,,,,,,,,,,1.0,,,,,,,,-1.0,,,,,,,,,,,,,,,,,,,,,,,,,,,,,1.0,,,,,,,,,,,1.0,,,,,,,,,,,,,-1.0,,,,,,,,,,,,
2017-12-28,,,,,,,,,,,,-1.0,,,,,,,,,,,,1.0,,,,,-1.0,,,,,,,,,,,,,,-1.0,,,,,,,,,,,,,,,,,,,,,,,,,,,,,,,,,,1.0,,,,,,,,,,,1.0,-1.0,,,,,,,,,,,,,,,,,,,-1.0,-1.0,,,,,,,,,,,,,,,,,,,,,,-1.0,,,,,-1.0,,,1.0,,,,,,,,,,,,,,,,,,,,,-1.0,,,,,,,,,,,,,,,,,,,,,,,,,,1.0,,,,,,,,,,,,,,,1.0,,,,,,,,,,,,,,,,,,1.0,,,,,,,,,,1.0,,,,,,,,-1.0,,,,,,,,,,,,,,,,,1.0,,,,,,,,,,,,,,,,,,,,,,,,,,,,,,,,,,,,,,,,,,,,,,,,,,,1.0,,,,,,,,,
2018-01-31,,,,,,1.0,,,,1.0,,,,,,,,1.0,,,,,,,,,,,1.0,,,,,,1.0,,,,,,,,,,,,,,,,,,-1.0,,,,,,,,,,,,,,-1.0,,,,,,,,,,,,,,,,,,,,,,,,,,,,,,-1.0,,,,,,,,,,,,,,,,,,,,,,,,,,,,,,,,,,,,,,,,,,,,,,,,,,,,,,,1.0,,,1.0,,,,,,,,,,,,,,,,,,,,,,,,,,,1.0,,,,,,,,,,,,,,,,,,,-1.0,,,,,,,-1.0,,,,,,,,,,,,,,,,,,,,,,,,,,,,-1.0,,,,,,,,,,,,,,,,,,,,,,,,,,,,1.0,,,,,,,,,,,,,,,,,,,,,,-1.0,,,,,,,1.0,,,,,,,,,,,,-1.0,,-1.0,,-1.0,,,,,
2018-02-28,,,,,,,,,,,,,,,,,,,,,,,,,,,,,,,,,,,,,,,,,,,,,,,,,,,-1.0,,,,,,,,,,,,,,,,,,,,,,,,,,,,,,,,,,,,,,,1.0,,,,,,,,,,,,,,,,-1.0,,,-1.0,,,,,,,,,,,,,,,,,,,,,,,,-1.0,,,,,,1.0,,,,,,,,,,,,,,,,,,,,,,,,,,,,,,,,1.0,,,,,,,,,,,,,,,,1.0,,,,,,,,,,,,,,,,,,,-1.0,,-1.0,,,,,,-1.0,,,,,,,,,,,,,,,,1.0,,,,1.0,,-1.0,,,,,,,,,,,,,,,,,,1.0,,1.0,,,,,,,,,,,1.0,,,,,,,,,,,,,,,,,,1.0,-1.0,,,,,,,,,,,,,,,,,,,,,,,-1.0,,,,,
2018-03-30,,,,,,,1.0,,,1.0,,1.0,,,,,,,-1.0,,,,1.0,-1.0,,,,,,,,,,,,,,,,,,,-1.0,,,,,,,,,,,,,,,,,,,,,,,,,,,1.0,,,,,,,,,,,,,,,,,,,,,,,,,,,,,,,,,,,,,,,,-1.0,-1.0,-1.0,,,,,,,,1.0,,,,,,,,,,,1.0,,-1.0,,,,,,,,,,-1.0,,,,,,,,,,,,,,,,,,,,,,,,,,1.0,,,,,,,,,,,,,,,,,,,,,,,,,,,,,,,,,,,,,,,,,,,,,,,,,,,,,,,,,,,,,,,,,1.0,,-1.0,,,,,,,,,,,,,,,,,,1.0,,,,,,,,,,,,,,,,,,,,,,,,,,,,,,,,,,,,,,,,,,,,,,,,,,,,,,,,,,,-1.0,
2018-04-27,,1.0,,,,,,,1.0,,,,,,,,,,1.0,,,,,,,,,,,,,,,,,,,,,,,,,,,,,,,,,,,,,,,,,,,,,,,,,,,,,,,,,,,,,,,,,,,,,,,,,,,,,,,,,,,,,,,-1.0,,,-1.0,-1.0,,,,,,,,,,,,,,,,,,,,,,,-1.0,,,,,,,,,,,,,,,,1.0,,,,,,,,,,,,,,,,,,,,,,,,,,,,,,,,,,,,,,,1.0,,,,,,,,,,,,,,,,,,,,,,,,1.0,,,,,,,,,,,,,,,,1.0,,,,,,1.0,,-1.0,,,,,,,,,,,,,,,,,,1.0,,,-1.0,,,,,,-1.0,1.0,,,,,,,,,,,,,,,,,,,,,,-1.0,-1.0,,,,,,,,,,,-1.0,,,,,,,,,,,,,,,,
2018-05-31,,,,,,,,,,,,,,,,,,,,,,,,,,,,,,,,,,,,,,,,,,,,,,,,,,,,,,,,,,,,,,,,,,,,,,,,,,,-1.0,,,,,,,,,,,1.0,,,,,,,,,,1.0,,,,,,,,,,,,,,,,,,,,,,-1.0,,,,,,,,,,,,,,,-1.0,,,,1.0,,-1.0,,,,,,,,,,,,,,,,,,,,-1.0,,,,,,,,-1.0,,,,,,,,,,,,,,-1.0,1.0,,,,,,,,,,1.0,,,,,,,,,,,,,,,,,,,,,,,,,,,,,,,,,,,,1.0,,,,,,,,-1.0,,,,,,,1.0,,,,,,,,,,,,,,,1.0,,,,,,,,,,,,,,,,,,,,,1.0,,,,,,,-1.0,,,1.0,,,,,,-1.0,,,,,,,,,,,,,,,,,,,
2018-06-29,-1.0,,,,,,,,,,,,,,,,,,,,,,,-1.0,,,,,,,,,,,,,,,,,,,,,,,,,,,,,,,,,,,,1.0,,,,,,,,,,,,1.0,,,,,,,,,,,,,,,-1.0,,,,,,,,,,,,,,,,,,,,,,,,,,,,,,,,,,,,,,,,,,,1.0,,,,,,,,,-1.0,,,,,1.0,,,,,,,,,1.0,,,,,,,,,,,,1.0,,1.0,,,,,,,,,,,,,,,,,,,,,,,,,,,,,,,,,,,1.0,,,,,,-1.0,,,,,,,,,,,,,,,,,,,,,,,,,,,,-1.0,,,,,,,1.0,-1.0,,,,,,,1.0,,,,,-1.0,-1.0,,,,,,,,,,,,,,,,,,,,,,,,,,,,,-1.0,,,,,,,,,,,,,,,,,,,,,,,,,,,,
2018-07-31,,,-1.0,,,,,,,,,,1.0,,,,,,,,,,,,,,,,,,,,,,,,,,,,,,,,,,,,,-1.0,,,,,,,,,,,,,,,,,,,,1.0,,,,,,,,,,,,,,,,,-1.0,,,,,,,,,,,,,,,,,,,,,,-1.0,,-1.0,,,,,,,,,,,,,,,,,,,1.0,,,,,,,,,,,,,,,,,,,,,,,1.0,1.0,1.0,,,,,,,,,,,,,,,,,,,,,,,,,1.0,,,,,,,,,1.0,,,,,,,,,,,,,,,,,,,-1.0,,,,,,,,,-1.0,,,,,,,,,,,,-1.0,,,,,,,,,,,,,1.0,,,,,,,,,,,,,,,,,,,,,,,,,,,,,,,,,,,,,,,,,,,,,,,,,,,,,,1.0,,,,,,,,,,,,,,-1.0,,,,-1.0
2018-08-31,,1.0,,,,,,,,,,,,,,,,,,1.0,,,,,,,,,,,,,,,,,,1.0,,,,,,,,,,,,,,,,,,,,,,,,,,,,1.0,,,,,,,,,,,,,,-1.0,,1.0,,,,,,,,,,,,,,,,,,,,,,,,,,,,,,,,,-1.0,,,,,,,,,,,,,,,,,,,,-1.0,,,,,,,-1.0,,,,,,,,,,,,,,,,,,,,,,,,,,,,,,,,,,,,,,,,-1.0,,,,,,-1.0,,,,,1.0,1.0,,-1.0,,,,,,,,,-1.0,,,,,,,,,,-1.0,,,,-1.0,,,,,,,,,,,,,,,,,,,,,,,,,,,,,,,,,,,1.0,,,,,,,,,,,,,,,,,,,,,,,,,,,,,,,1.0,,,,,,,,,,,1.0,,,,,,,,,,,,,,,,,,
2018-09-28,,,,,,,,,,,,,,,,,,,,,,,,,,,,,,,,,,,,,,,,,,,,,,,,-1.0,,,,,,,,,,-1.0,,,,,-1.0,,,1.0,,,,,,,,,,,,,,,,,,,,,-1.0,,,,,,,,,,,,,,,,-1.0,,,,,,,-1.0,,,,,,,,,,,,,,,,,-1.0,,,,,,,,1.0,,,,,,,,,,,,,,,,,,,,,,,,,,,,,,,,,,,,,,,,,,,,,,,,,,,,,,,,,,,,1.0,,1.0,,,,,,,,,,1.0,,,,,,,,,,,,1.0,,,-1.0,,,,,,,,,,,,,,-1.0,,,,,,,,,,,,,,,,,,1.0,,,-1.0,,,,,,,,,,1.0,,,,,,,,,,,,,,,,,1.0,,,,1.0,,,,,,,,,,,,,,,,,,,,,,,,,,
2018-10-31,1.0,,,,,,,,,,1.0,,,,,,,,,-1.0,,,,-1.0,,,,,,,,,,,,,,,,1.0,,,,,-1.0,,,,,,,,,,,,,,,,,,,,,,,,,,,,,,,,,,,,,,,,,,,,,,,,,,,,,,,,,,,,,,,,,,-1.0,-1.0,,,,,,-1.0,,,,,,,,,1.0,,,,,,,1.0,,,,,,,,,,,,,,1.0,,,1.0,,,,,,,,,,,,,,,,,,,,,,,,,,,,,,,,,,,,,,,,,,,,,,,,,,,,,,,,,,,,,,,-1.0,,,,,,,,,,,,,,,,,,,,,,-1.0,,,,,,,,,,,1.0,,,,,,,,,,,,,,,,,,,,,,,,,,,,1.0,,,,,,,,,,,1.0,,,,,,,,,,,,,,,,,,,,,,,,,-1.0,,,-1.0
2018-11-30,,,,,,,,,,,,1.0,,,,,,,,,,,,,,,,,1.0,,,,,,,,,,,,,,,,,,1.0,,,,,,-1.0,,,,,,,,,,,,,,,,,-1.0,1.0,,,,,,,,,,,,,,,1.0,,,,,,,,,,-1.0,,,,,,,,,,,,,,,,-1.0,,,,,,,,,,,,,,,,,,,,,,,,,,,,,,,,,,,,,,,,,,,,,,,,,,,,,,,,,,,,,,,,,,,,,,,,,,,,,,,,-1.0,,,,,,,,-1.0,,,,,-1.0,,,-1.0,,1.0,,,,,,,,,,,,,,,,,,,,,,,,,,,,,,,,,,,,,,,-1.0,,,,,,,,,,,,,,,,,,,,,1.0,,,,,,,,,,,,,,,,,,,,1.0,,,,,,,1.0,1.0,,,,,,,,,,-1.0,,,,,,
2018-12-27,,1.0,,,,,,,,,,,,,1.0,,,,,,,,,,,,,,,,,,,,,,,,,,,,,,,,,,,,,-1.0,-1.0,,,,,,,,,,,,,,,,,,,,,,,,,,,,-1.0,,,,,,,,,,,,,,,,,,,,,,,,,-1.0,,,,-1.0,-1.0,-1.0,,,,,,,,,,,,,,,,,,1.0,,,,,,,,,1.0,1.0,,1.0,,,,,,,,,,,,,,,,,,,,,,,,,,,,,1.0,,,,,,,,,,,,,,,,,,,,,,,,,,,,,,,,,,,,,,,,,,,,,,,,,,,,,,,,,,,,,,,1.0,,-1.0,,,,,,,,,,,,,,,,,,1.0,,,-1.0,,,,,,,,,,,,,,,,,,,,,,,,,,,,,,,,,,,,,,,,,,,-1.0,1.0,,,,,,,,,,,,,
2019-01-31,,,,,,1.0,1.0,,,,,-1.0,,,,,,,,,,,,,,,,,1.0,,,,,,-1.0,,,,,,,,,,,,,,,,,-1.0,,,,,,,,,,-1.0,,,,,,,,,,,,,,,,,,,,,,,,,,,,,,,,,,,,,,,,,,,,,,,,,,,-1.0,,,,,,,,,,,,,,,,,,,,,,,,,,,,,,,,,,,,,,,,-1.0,,,,,,,,,,,,,,,,,,,,,,,,,,,,,,,,,,-1.0,,,,,,,,,,,,,,,,,,,,,,,,,-1.0,,,,,1.0,,,,,,,,,,,1.0,,,,,,1.0,,,,,,,,,-1.0,,,,,,,,,,,,1.0,,,1.0,,,,-1.0,,,,,,,,,,,,,,,,,1.0,,,,,,,,,,,,,,,1.0,,,,,,,,,,,,,,,,,,,,
2019-02-28,,,,,,,,,,,,,,,,,,,,,,,,,,,,,,,,,,,,,,,,,,,,,,,,,,,,-1.0,,,,,,,,,1.0,1.0,,,,,,,,,,,,1.0,,,-1.0,,,,,,,-1.0,,,,,,,,,,,,,,,,,,,,,,,,,,-1.0,,,,,,,,-1.0,,,,,,,,-1.0,,,,,,,,,,,,,,,,,,,,,1.0,,,,,,,,,,1.0,,,,1.0,,,,,,,,-1.0,,,,,,,,,,,,,,,,,,,,,,,,,,,,,,,,,,,,,,,,,1.0,,,,,,,,,,,,,,,,,,,,,,,,,,,,,,,,,,,,,,,,,,,,-1.0,,-1.0,,,,,,,1.0,,,1.0,,,,,,,,,,,,,,,,,,,,,,,,,,,,,,1.0,,,,,,,,,,,,,,-1.0,,,,
2019-03-29,,,,,,,,1.0,,,,-1.0,,,,,,,,,,,,,,,,,1.0,,,,,,,,,-1.0,,,,,,,,,,,,,,,,,,,,,,,,1.0,,,,,,,,-1.0,,,,,,,,,,,,,,,,,-1.0,,,,,,,,,,,,-1.0,,,,,,,,,,1.0,-1.0,,,,,1.0,,,,,,,,,,,,,,,,,,,,,,,,-1.0,,,,,1.0,,,,,,,,,,,,,,,,,,,1.0,,,,,,,,,,,,,,,,,,,,,,,,,,,,-1.0,,,,,,,,,,,,,,,,,,,,,,,,,,1.0,,,,,,,,,,,,,,,,,,,,,,,-1.0,,,,,,,1.0,,,,,,,,,,,,,,,-1.0,,,,,,,,,,,,,,,,,,,,,,,,,,,,,,,,,,1.0,,,,,,,,,,,,,,,,,,
2019-04-30,,,,,,,,,,,,,1.0,,,,,,,,,-1.0,,-1.0,,,,-1.0,,,,,,,,,,,,,,,,,,,,,,,,,,,,,,,,,,,,1.0,,,,,,,,,,,,,,,,,1.0,,,,,,,,,,,,,,,,,,1.0,,,,,,,,,,1.0,,,,,,1.0,,,-1.0,,,,,,,,-1.0,,,,,,,,,,,,-1.0,,,,,,,,,1.0,,,,,,,,,,,,,,,,,,,,,,-1.0,,,,,,,,,,,,,,,,,,,-1.0,,,,,,,,,,,,,,,,,,,,,,,,,,,,,,,,,,,,,,,,,,,,,-1.0,,,,,,,,,,,,,,,,,,,,,,,,,,,,,1.0,,,,,,,,,,,,,,,,,,,,1.0,,,,,,,,,,,,,,,,,,,,,,,-1.0,1.0,,,,,,,,
2019-05-31,,,,,,1.0,,,,,,,,,,,,,,,,,,,,,1.0,,,,,1.0,,-1.0,,,,,,,,,,,,,,,,,,,,,,,,,,,,,,,,,,,,,-1.0,,,,,,,,,,,-1.0,,,,-1.0,,,,,,,-1.0,,,,,,,,,,,,,,,,,1.0,,,,,,,,-1.0,,,,,,,-1.0,,,,,,,,,,,,,,,,,,,,,,1.0,,,,,,,1.0,,,,,,1.0,,,,,,,,,,,,,,,,,,,,,,1.0,,,,,,,,,,,,,,,,,1.0,,,,,,,,,,,,,,,,,,,,-1.0,,,,,,,,,,,-1.0,,,,,,,,,,,,,,,,,,,,,,,,,,,,,,,,,,,,,,,,,,,,,,,,,,,,,,,,,,,,,,,,-1.0,,,,,,,,,,1.0,,,,,,,,,,
2019-06-28,-1.0,,,,,1.0,,,,1.0,,,,1.0,,,,,-1.0,,,,,,,,,,,,,,,,,,,,,,1.0,,,,,,,,,,,,,,,-1.0,,,,,,,,,,,,,,,,,,,,,,,,,,,,1.0,,,,,,,,,,,,,,,,,,,,,,,,,,-1.0,,,,,,,,,,,,,,,,,,,,,,,,,,,,,,,,,,,,,,,,,,,,,1.0,,,1.0,,,,1.0,,,,,,,,,,,,,,,,,,,,,,,,,,,,,,,,,,1.0,,,,,,,,-1.0,,,,,,,,,,,,,,,,,1.0,,,,,,,,,,,,,,,,,,,,,,,,,,,,,,,,,,,,,,,,,-1.0,,,,,,,,,-1.0,,,,,,,,,,,,,,,,,,,,,,,,,,,-1.0,,,,,,-1.0,,-1.0,,,,,,,,
2019-07-31,,,,,,,,,,,,,1.0,,,,,,,1.0,,,,,,1.0,,,,,,,,,,,,,,,,,,,1.0,,,,,,,,,,,,,,,,,,,,,,,,,,,,,,,,,-1.0,,,,-1.0,,,,,,,,,,,,,,,-1.0,,,,,,,,,,,,,,,,,,,,,,,,,,,,,-1.0,,,,,,1.0,,,,,,-1.0,,,,,,,,,,1.0,,,,,,,,,,,,,,,,,,,1.0,,,,,,,,,,,,,,,1.0,,,,,,,,,-1.0,,,,,,,,,,,,,,,1.0,,,,,,-1.0,,,,,,,,,,,,,,,,,,-1.0,,,,,,-1.0,,,,,,,,,,,,,,,,,,,,,,,,,,,,,,,,,,,,,,,1.0,,,,,,,,,,,,,,,,,,,,,,,,,,,,,,,,,,,,-1.0,,,
2019-08-30,,,,,,,,,,,,,,,,,,,-1.0,,,,-1.0,,,,,-1.0,,,,,,,,,,,,,,,,,,,,-1.0,,,,1.0,-1.0,,,,,,,,,,,,,,,,,,,,1.0,,,,,,,,,-1.0,1.0,1.0,,,,,,,,,,,,,,,-1.0,,,,,,,,,,,,,,,,,,1.0,,,,,,,,,,,,,,,,,,,,,,1.0,,,,,,,,,,,,,,,,,,,-1.0,,,,,,,,,,,,,,,,,,,,,,,,,,,,,,,,,,,,,,,,,,,,,,,,1.0,,,,,,,,,,-1.0,,,,,,,,,,,,,,,,,,,,,,,,,1.0,,,,,,,,,,,,,,,1.0,,,,,,,,,,,,,,,,,,,,,,1.0,,,,,,,,,,,,,,,,,,,,,,,,,,,,,,,-1.0,,,,,
2019-09-30,,,,,,-1.0,,,,,,,,,,,,,,,,,,,,,1.0,,,,,,,,,,,,,,,,,,,,,,,,,1.0,,,,,,,,,,,,,,,,,,,,,,,,,-1.0,,,,-1.0,,,1.0,,,,,,,,,,,,,,,,,,,,,,,,,,-1.0,,,,,,,,,,,,,,,,1.0,,,,,,,1.0,,,,,,,,,,1.0,,-1.0,,,,,,1.0,,,,1.0,,1.0,,,,,,,,,,,,,,,,,,,,,,,,,,,-1.0,,,,,,,1.0,,,,,,,,,,,,,,,,,,,,,-1.0,-1.0,,,,,,,,,,,,,,,,,,,,-1.0,,,,,,,,,,,,,,,,,,,,,,,,,,,,,,,,,,,,,,,,,,,,,,,,,,,,,,,,,,,,,,,,,,,,,,,-1.0,,,,,,,,,,
2019-10-31,,,,,,-1.0,,,,,,,,,,,,,,,,,,1.0,,,,,,,,,,,,,,,,-1.0,,,,,,,,,,,,,,,,,,,,,,,,,,,,,,,,,,,,,,,,,,1.0,,,,-1.0,,,,,,-1.0,,,,,,,,,,,,,,,,1.0,,,,,,,,,,,,,,,,,,1.0,,,,,,,,,,-1.0,,,1.0,,,,,,,,,-1.0,,,,,,,,,,,,,,,-1.0,,,,,,,,,,,,,,,,,,,,,,,,,1.0,,-1.0,,,,,,,,,-1.0,,,,,,,,,,,,,-1.0,,,,,,,1.0,,,,,,,,,,,,,,,,,,,,,,,,,,,,,,,,,,,1.0,,,,,,,,,,,,,1.0,,,,,,,,,,,,,,,,,,,,,,,,,,,,,,,,,,,,,,1.0,,,,,,,,,
2019-11-29,,,,,,-1.0,,,,,,,,,,,,-1.0,,,,,,1.0,,,,-1.0,,,,,,,,,,,,,,,,,,,,,1.0,,,,,1.0,,,,,,,,,,,,,,,,,,,,,,,,,,,,,,,,,,,,,,,,,,,,,-1.0,,,,-1.0,,,,,,1.0,-1.0,,,,,,,,-1.0,,,,,,,,,,,,,,,,,,,,,1.0,,,,,,,,,,,,,,,,,,,,,,-1.0,,,,,,,,,,,,,,,,,,,,,,,,,,,1.0,,,,,1.0,,,,,,,,,,,,,,,,,,,,,,,,,,,,,,,,,,,,,,,,-1.0,,,,,,,-1.0,,,,,,,,,,,,,,1.0,,,,,,,,,,,,,,,,,,,,,,,,,,,,,,,,,,1.0,,,,,,,,,,,,,,,,,1.0,,,,,,,,,
2019-12-30,,,,,,,,,,,,-1.0,,,,,,,,,,,,,,,,,,,,,,,,,,,,,,,,,,,,,,,,,,,,,,,,,,,,,,,,,,,,,,,,,-1.0,-1.0,,,,,,,,,,,,,,,,,,,,,-1.0,,,,,,,,-1.0,,,,,,,,-1.0,,,,,,,,,,,,-1.0,,,,,,,,,,,1.0,1.0,1.0,,,-1.0,,,,,,,,,,,,,,,,,,,,,,,,,,1.0,,,,,,,,,,,,,,,,,,,,,,,,,,1.0,,,,,,,,,,,,,,,,,,,-1.0,,,,,1.0,,,-1.0,,,,,,,,,,,,,,,,,,,,,,,,,,,,,,,,1.0,,1.0,,,,,,,,1.0,,,,,,,,,,,,,,,,,,,,,1.0,,,,,,,,,,,,,,,,,,,,,,,,,,,,,
2020-01-23,,,,,,,,,,,,,,,,,,,,,,,,1.0,,,,,,,,,,,,,,,,,,,,,,,,,,,-1.0,,,,,,,1.0,,,,,,,,,,,,,-1.0,,,,,,,,,,,,,,,,,,1.0,,,,,,,,,,,-1.0,,,,,,,-1.0,1.0,,,,,,,,,,,,,,,,,,,-1.0,,,,,,,,,,,,,1.0,,,,,,,,,,,,,,,,,,,,,,,,,,,,,,,,,,,,,,,,,,,,,,,,,,,,,,1.0,,,,,,,,,,,,,,,,,1.0,,,-1.0,,,,,,,,,,,,,,,,,,,,,,,,,,,,,,1.0,,,,,,-1.0,,,-1.0,,,,,,,,,,,,,,,,,,,,,-1.0,,,,,,,,,,,,,,,,,,,,,,,,,1.0,,,-1.0,,,,,,,,1.0,,,,
2020-02-28,,,,,,,,,,,,,,,,,,,-1.0,,,,,-1.0,,,,,-1.0,,,,,,,,,,,-1.0,,,,,,,,,,,,1.0,,,,,,,,1.0,,,,,,,,,,,-1.0,,,,,,,,,,,,,,,,,,,,,,,,,1.0,,,,,,,,,,,,,,,,,,1.0,,,,,,,,,,,,-1.0,,,,,,,,,,,,,,,,,,,,,,,,,,,,1.0,,,,,,,,,,,,,,,,,,,,,,,,,,,,,,,,,,,,,,,,,,,,,,,,,,,1.0,,,,,,,,,,,,-1.0,,,,,,,1.0,,,,,,,,,,,,,,,,,,,,,,,,,,-1.0,,,1.0,,,,,,,,,,,1.0,,,,,,,,,,-1.0,,,,,,,,,,,,,,,,,,,,,,,,,,,,,,1.0,,,,,,-1.0,,,,
2020-03-31,,,,,1.0,,,,,1.0,,,,,,,,,,,,,,,,-1.0,,,-1.0,,,,,,,,,,,,,,,,,,,,,,,,,,,,,,,,,,,,,,,,,,-1.0,,,-1.0,,,,,,,,,,,,,,,,,,,,,,,,,,,,,,,,,,,,,,,,,,,,,,1.0,,,,,,,,,,,,1.0,,,,,1.0,,,,,,,,,,-1.0,,,,,,,,,,1.0,,,,,,,,,,,,,,,,1.0,,,,,,,,,,,,,,,,,,,,,,,,,,,,,,,,,,,,,,,-1.0,,,1.0,,,,,,,,,,,,,,,,,,,,,,,,,,,,,,,,,,,,,,,,,,,,,,,,,,,,,,,,,,,,,-1.0,,,,,,,,,,,,,,,,,,-1.0,,,,,1.0,,,-1.0,,1.0,,,,,-1.0,,,,,
2020-04-30,,,1.0,,,,,,,,-1.0,,,,,,,,-1.0,,,,,1.0,,,,,,,,,,,,,,,,,,,,,,,,,,,,-1.0,,,,,1.0,,,,,,,,,,,,,,-1.0,,,,,,-1.0,,,,,,,,,,,,,,,,,,,,,,,,-1.0,,,,,-1.0,,,1.0,,,,,,,,,,,,,,,,,,,,,,,,,,,,,,,,,,,,,,,,,,,,,,,,,,,,,,,,,1.0,,-1.0,,,,,,,,1.0,,,,,,,,,,,,,,,,,,,,,,,,,-1.0,,,,,,,,,,,,,,,,,,,,,,,,,,,,,,,,,,,,,,,,,,,,,,,,,,,,,1.0,,,,,,,,,,1.0,,,,,,,,,,-1.0,,,,,,,,,,,,,,1.0,,,,,,,,,,,,,,,,,,,,1.0,,,,,,
2020-05-29,,,,,,,,,,,,-1.0,-1.0,,,,,,,,,,,1.0,,,,,,,,,,,,,,,,,,,,,,,,,,,,,,,,,,,,,,,,,,,,,,,,,,,,,,,,,,,,1.0,,,,1.0,,1.0,,,,,,,,,,,,,,,,,-1.0,,,,,,,-1.0,,,,1.0,,,,,,,,1.0,,,,,,,,,,,,,,,,,,,,,,,,,,,,,,,,,,,,,,,,,,,,,,,,,,,,,,,,,,,,,,1.0,,,,,,,,,,,,,,,,,,,,,,,-1.0,1.0,,-1.0,-1.0,,,,,,,,,,,,,,,,,,,,,,,,,-1.0,,,1.0,,,,,,,,,,,1.0,,,,,,,,,,,,-1.0,,,,,,,,-1.0,,,,,,,,,,,,,,,,,,,,,,,,,,,,,,,,,,,,,,,,
2020-06-30,,,,,,,,,,,,,,,,,,,-1.0,,,,,,,,,,,,,,,,,,-1.0,,,,,,,,,,,,,,,,,1.0,,-1.0,,,,,,,,,,,-1.0,,,,,,,,,,,,,,,,,,,,,,,,,,,,,,,,,,,,,,,,,1.0,,,,1.0,,,,1.0,,,-1.0,,,,,,,1.0,,,,,,,,,,,,,,,,,,,,,,,,,,,,,,,,,,,,,,,,,,,1.0,,,,,,,,,,,,,,,,,,,,,,1.0,,,,,,,,,,,,,,,,,,,,,,,,,,,,,,,,,,,,,,,,,,1.0,,,,,,,,,,,,,,,,,,,,,,,,,,,,,,,,,,-1.0,,,,-1.0,,,,-1.0,,,-1.0,,1.0,,,,,,,,,,,,,-1.0,,,,,,,,,,,,,,,,1.0,,,,,
2020-07-31,1.0,,,-1.0,,,,,,,,,,,,,,,,,,,,,,,,,,,,,,,,,,,,,,1.0,,,,,,,,,,,,,,,1.0,,,,-1.0,,,,,,,-1.0,,,,,,,,,,,,,,,,,,,,,,,1.0,,,,,,,,,,,,,,,,,,,,,,,,,,,,,,,1.0,,,,1.0,,,,,,,,,1.0,,,,,,,,,,,,,,,,,,,,,,,,,-1.0,,,,,,,-1.0,,,,,,,,,,,,,,,,,,,,,1.0,,,,,,,,,-1.0,,,,,,,,,,,,,,,,,,,,,,,,,,,,,,,,,,,,,,,-1.0,,,,,,,,,,,-1.0,,,,,,,,,,,,,,,,,,,,,,,,,,,,,,-1.0,1.0,,-1.0,,,,,,,,,,,,,,,,,,,,,,,,,1.0,,,,,,,,,
2020-08-31,,,,,,,,,,,,,,,,,,,,,,,,,,,,,,,,,,,,,,,,,,,,,,,,,,,,,,,,,,,,,,,,,,,,,,,,,,,,,,,,,,,,1.0,,,,,,1.0,,-1.0,,,,,,,,1.0,,1.0,,1.0,,,,,1.0,,1.0,,,1.0,,,,,,,,,,,,,,-1.0,,,,,,,,,,,,,,-1.0,,,,-1.0,,,,,,,,,,,,,,,,,,,,,,,,,,,,,,,,-1.0,,,,,,,,,,,,,,,,,,,,,,-1.0,,,,,,,-1.0,,,,,,,,,,,,,,,,,,-1.0,,,,,,,,,,,,,,,,,,,,,,,,,,,,1.0,,,-1.0,,,,,,,,,,,,,,,,,,,,,,,,,,,,,,1.0,,,,,,,,,,,,,,,,,,-1.0,,,,,,,,,,
2020-09-30,,,,,,,,,,,,,,,,,,,,,,,,1.0,-1.0,,,,,-1.0,,,,,,,,,,,,,,-1.0,,,,,1.0,,,,,,,-1.0,,,,,,,,,,,,1.0,,,,,,,,,,,,,,,,-1.0,,,1.0,,,1.0,,,,,,,,-1.0,,,,,,,,,,,,,,1.0,,,,,,,,,,-1.0,,,,,,,,,,,,,,,,,,,,,,,,,,,,,,,,,,,,,,,,,-1.0,,,,,,,,,,,,,,,,,,,,,,,,,1.0,,,,,1.0,,,,,,,,,,,,,,,,,,,,,,,,,,,,,,,,,,,,,,,,,,,,,,,,,,,,,,,,,,,,,,,,,,,,,,,,,,,,,,,,,,,,,,,,,,,,,-1.0,1.0,,,,,,,,,,,,,,,,,-1.0,,,,,,,,1.0,,
2020-10-30,,,,,,,,,,1.0,,,,,,,,,,,,,,,,,,,,,,,,,,,,,,,,,1.0,,,,,,,,,,,,,,,,-1.0,,,,,,-1.0,,,,,,,,,,-1.0,,,,1.0,,,,,,,,1.0,,,1.0,,,,,,,,,,,,,,,,,,,,,,,,,-1.0,,,,,,,,,,,,,,,,-1.0,,-1.0,,,,,,,,,,,,-1.0,,,,,-1.0,,,,,,,,,,,,,,,,,-1.0,,,,,,,,,,,,,,,,,,,,,,,,,,,,,,,,,,,,,,,,,,,,1.0,,,,,,,,,,,,,,,,,,,,,,1.0,,,,,,1.0,,,,,,,,,,,,,,,,,,,,,,,,,,,,,,,,,,,,,,,,,,,,,,,,,1.0,,,-1.0,,,,,,,,,,,,,,,,,1.0,,,,,,
2020-11-30,,,,,,,,,,,,,,,,,,-1.0,-1.0,,,,,,,,1.0,,,,-1.0,,,,,,,,,,,,,,,,,,,,,,,,,,,-1.0,,,,,,,,,,,,,,,,,,,,,,,,,,,,,,,,,,,,,,,,,1.0,,1.0,1.0,,,,,,,,,,,,,,,,,,,,-1.0,,,,,,,,,,,,,,,,,,,-1.0,,,,,,,,,,,,,,,,,,,,,,,,1.0,1.0,,,,,,,,,,,,,,,,,,,,,,,,,,,,1.0,,,,,,,,1.0,,,,,,,,,,,,,,,,,,,,,,,,,,,,,,,,,,,,,,,,,,,,1.0,,,,,,,1.0,,,,,,,,,,,,,,,,-1.0,,,,,,,,,,,,,,-1.0,,,,,,,,,,-1.0,,-1.0,,,,,,,,,,,,,,,,,,,
2020-12-31,,,,,,,,,,,,,,,,,,,,,,,,,,,,,,,,,1.0,,1.0,,,,,,,,,,,,,1.0,,,,,,,,,,,,,,,,,,,,,,,,,,,,,,,,1.0,,-1.0,1.0,,,,,-1.0,,,,,,,,,,,,,,,,,,,,,,,,,,,,,,,,,,,-1.0,,,,,,,,,,1.0,,,,,,,,,,1.0,,,,,,,,,,,,,,,,,,,,,,,,,,,,,,,,,,,,,,,,,,,,,,,,,,,,,,,,,,,,,,,,,,,,,,,,,,,,,-1.0,,,,,,,,,,,,,,,,,,,1.0,,,,,,,,-1.0,,,-1.0,,,,,,,,,,,,,,,,-1.0,,,,,,,-1.0,,,,,,,,,,1.0,,,,,,,1.0,-1.0,,,,,,,,,,,,-1.0,,,,,,,,,,,
2021-01-29,,,,,,,,,,,,,,,,,,,,,,,,,,,,,,,,,,,,,,,-1.0,,,,,,,,,,,-1.0,,,,1.0,,-1.0,,,,-1.0,,,,,,,,,,,,,,,,,,,,1.0,,,,,,,,,,,,,,,,,,,,,,,,,,,,,1.0,,,1.0,,,,,1.0,,,,,,,,,,,,,,,,,,,,,,1.0,,,,,,,,,,,,-1.0,,,,,,,,,,,,,,,,,,,,,,,,,,,,,,,,,,,,,,,,,,,,,,,,,,,,,,,,,,1.0,,1.0,,,,,,,,,,,,,,,,,,,,,,,,1.0,,,,,,,,,,,,-1.0,,,,,,,,,,,,,,,,,,,-1.0,,,,,,,-1.0,,-1.0,,,,,,,,,,,,,,,,,,,,,,,,,,,,-1.0,,,,,,1.0,,,,,
2021-02-26,,,,,,,,,,,,,,,,,,,,,,,,,,,,,,,,,,,,,,,,,,,,,,,,,,,,,,1.0,,,,,,,,,,,,,1.0,,,,,,,,,,,,,1.0,,,,,,,,,,,,,,,,,,,,,,,,,,,,,,,,,-1.0,-1.0,,,,,,,,,,,,-1.0,-1.0,-1.0,,,,,,,,,,,1.0,,,,,,,,,,,,,,,,,,,,,,,,,,,,-1.0,,,,,,,,,,,,,,,,,,,,,1.0,,,,,,,,,,,,,,,,,,,,,,,,,,,,,,,,,,,,,,,,,,,,,,,,,,,1.0,,,,,,,,-1.0,,,,,,,1.0,,,,,,,,,,,,,,,,,,,-1.0,,,,,,,,,,,,,,,,,,,,-1.0,,,,,,,,,,,-1.0,,,,1.0,1.0,1.0,,,,
2021-03-31,,,,,-1.0,1.0,,,,,,,,,,,,,1.0,,,,,,,,,,1.0,,,,,,,,,,,,,,,,,,,,,,,,,,,,,,,,,,,,,,,,,,,,,,,,,,,,,,,,,,,,,,,,,-1.0,-1.0,,,,,,,,,,1.0,,,,,,,,,,,,,,,,,,,,,-1.0,,,,,,,,,,,,,,,,,,-1.0,-1.0,,,,,,-1.0,,,,,,,,,1.0,,,,,,,,-1.0,,,,,,,,,,,,,,,,,,,,,-1.0,,,,,,,,,,,,,,1.0,,,,,,,,,,,,,,,,,,,,,,,,,,,,,,,,,,,,,,,,,,,,,,,,,,,,,,,,,,,,1.0,,,,,,,,,,,,,,-1.0,,,,,,,1.0,,,,,,1.0,,,,,,,,1.0,,,,,,,,,,,,,,,,
2021-04-30,,,,,,1.0,,,,,,,,,,1.0,,,,,,1.0,,,,,,,1.0,,,,,,,,-1.0,,,,,,,,,,,,,,,,,,,,,,,,,,,,,,,,,,,,,,,-1.0,,,,,,,,,,,,,,1.0,,,,,,,,,,-1.0,,,,,,,,,-1.0,,,,,-1.0,,,,,,,,,,,,,,,,,,,,,,,,,,,,,,,,,,,,,,,,,,,,,,,,,,,,,,,,,,,,,,,,,,,,,,,,,,-1.0,,,,,,,,,,1.0,,,,,,,,,,,,,,,,,,,1.0,,,,,,,,,,,,,,,,,,,,,-1.0,,,,,,,,,,,,,,,,,,,,,,,,,,,,,,,,,,,-1.0,-1.0,,,,,,,,,,1.0,,,,1.0,,,,,,,,,,,,,,,,,,,,,,,-1.0,1.0,,
2021-05-31,,,,,,,,,,,,,,,,,,,1.0,,,,,,,,,,,,,,,,,,,,,-1.0,,,,,,,,1.0,,1.0,-1.0,,,,,,,,,,,,,,-1.0,,,,-1.0,,,,-1.0,,,,,,,,,,,,,,,,,,,,,,,,,,,,,,,,,,,1.0,,,-1.0,,,,,,,,,-1.0,1.0,,,,,,,,,,,,,,,,,,,,,,1.0,,,,,,,,,,,,,,,,,,,,,,,,,,,,,,,,,,,,,,,,,,,,,1.0,,,,,,,,,,,,,,,,,,,,,,,,,,,,,,,1.0,,,,-1.0,,,,,,,,,,1.0,,,,,-1.0,1.0,,,,,,,,,,,,,,,,,,,,,,,,,,,,,,,,,,,,,,,,,,,,,,,,,,,,,-1.0,,,,,,,,,,,,,,,,,,,,,,
